house_id,price_target
121076,0
107763,0
115852,0
107325,0
119391,0
116251,0
105953,0
106662,0
119398,0
116139,0
109228,0
104580,0
117529,0
101454,0
113968,0
117682,0
114206,0
106469,0
109346,0
109153,0
107797,0
119550,0
112712,0
107787,0
109977,0
109220,0
115380,0
111194,0
102787,0
121455,0
116137,0
112381,0
105413,0
105967,0
101466,0
100796,0
104855,0
105489,0
103948,0
115176,0
113303,0
121124,0
117731,0
100261,0
115647,0
112923,0
121607,0
106857,0
107978,0
101717,0
112905,0
118471,0
103788,0
113913,0
100639,0
116699,0
120098,0
101556,0
100790,0
106132,0
111835,0
113663,0
116775,0
105847,0
119221,0
103103,0
103962,0
115603,0
119125,0
116196,0
117271,0
118920,0
116555,0
114943,0
107994,0
107335,0
114592,0
113346,0
112353,0
106574,0
101936,0
108405,0
115401,0
113605,0
115019,0
113852,0
109911,0
116385,0
116687,0
117286,0
117913,0
101802,0
112142,0
119152,0
119950,0
106239,0
120225,0
113681,0
105193,0
112121,0
121509,0
111012,0
108408,0
117652,0
106669,0
113069,0
107278,0
115782,0
112031,0
116176,0
107990,0
114912,0
115403,0
121554,0
109030,0
101400,0
105925,0
107313,0
113018,0
117899,0
111857,0
119568,0
111000,0
103344,0
104272,0
107003,0
110660,0
114169,0
116769,0
101105,0
118077,0
115413,0
111780,0
119699,0
110152,0
109605,0
115856,0
120427,0
101300,0
112953,0
108126,0
116381,0
119843,0
110554,0
107483,0
108425,0
114910,0
108125,0
112408,0
111409,0
111382,0
112587,0
113021,0
103464,0
112339,0
119816,0
120909,0
114955,0
114254,0
103713,0
105086,0
115997,0
107850,0
105088,0
102750,0
110930,0
106347,0
109816,0
117661,0
108778,0
104777,0
119604,0
106249,0
103873,0
109819,0
115081,0
107406,0
119909,0
112258,0
108123,0
105843,0
113451,0
120651,0
120298,0
115985,0
111158,0
102715,0
118334,0
108152,0
103776,0
112624,0
107261,0
116901,0
118256,0
113688,0
112689,0
110849,0
107315,0
108964,0
114072,0
102859,0
103371,0
107524,0
120101,0
115492,0
119328,0
118042,0
112583,0
116634,0
110717,0
100147,0
100944,0
100768,0
112253,0
103998,0
105632,0
106948,0
109622,0
117052,0
115858,0
118078,0
105820,0
119912,0
117086,0
105272,0
109059,0
101108,0
119182,0
119070,0
116565,0
113849,0
104454,0
114515,0
121544,0
119279,0
111984,0
111737,0
103993,0
119093,0
106379,0
109290,0
120915,0
101289,0
120244,0
114771,0
112716,0
101593,0
103862,0
107613,0
109147,0
121524,0
109618,0
114419,0
105258,0
111913,0
115686,0
104059,0
102573,0
117557,0
117914,0
112200,0
105165,0
102734,0
103771,0
110973,0
117848,0
106308,0
106187,0
120170,0
117622,0
112672,0
114849,0
102187,0
113165,0
116682,0
117983,0
110609,0
108893,0
100950,0
111792,0
120631,0
117653,0
118589,0
114819,0
107148,0
112541,0
112212,0
102690,0
121198,0
111617,0
102331,0
118397,0
104424,0
107107,0
107411,0
110164,0
112816,0
111186,0
121488,0
115651,0
101701,0
103306,0
105526,0
121547,0
118029,0
102607,0
120022,0
106541,0
117478,0
113305,0
103607,0
113208,0
117130,0
102728,0
107686,0
102791,0
107788,0
104492,0
116261,0
117766,0
110758,0
115837,0
104784,0
106243,0
113789,0
111802,0
101406,0
112897,0
110389,0
116081,0
118911,0
103330,0
104460,0
107948,0
114561,0
104091,0
104705,0
111558,0
108979,0
103945,0
107615,0
120638,0
101536,0
121186,0
107527,0
100612,0
115289,0
116736,0
106605,0
121534,0
113158,0
102043,0
103235,0
116043,0
114456,0
110781,0
109740,0
114213,0
112523,0
115918,0
106845,0
110912,0
111162,0
119686,0
116504,0
103243,0
110449,0
109270,0
101945,0
102189,0
101240,0
112119,0
109669,0
108707,0
118555,0
106183,0
108566,0
110811,0
100206,0
117790,0
101830,0
107162,0
114112,0
102038,0
103082,0
100981,0
105840,0
120500,0
104870,0
113608,0
111480,0
120871,0
109311,0
110534,0
113335,0
104458,0
106887,0
102652,0
113758,0
119641,0
109542,0
111442,0
112684,0
112288,0
110039,0
107733,0
107530,0
112913,0
120171,0
106786,0
121267,0
116144,0
110571,0
113230,0
117304,0
117534,0
115540,0
109515,0
102248,0
112753,0
101312,0
104301,0
108858,0
109009,0
109987,0
110282,0
103242,0
114764,0
110806,0
102589,0
112574,0
109067,0
116034,0
116173,0
100061,0
116093,0
114570,0
106047,0
100731,0
106338,0
118425,0
102717,0
103389,0
119678,0
117362,0
103117,0
107253,0
104745,0
111827,0
118479,0
117329,0
116658,0
102228,0
101166,0
105229,0
107783,0
103274,0
118917,0
100807,0
108720,0
113876,0
116989,0
121361,0
107341,0
116806,0
115952,0
106842,0
101547,0
106058,0
117143,0
100192,0
102533,0
116881,0
101290,0
118125,0
103350,0
114801,0
118379,0
120477,0
114375,0
110824,0
100725,0
113487,0
117898,0
118293,0
105635,0
111640,0
110239,0
103056,0
112950,0
112355,0
100757,0
109356,0
103970,0
116995,0
118376,0
100500,0
114920,0
119033,0
117600,0
112175,0
119350,0
103137,0
106304,0
102903,0
114862,0
107729,0
111555,0
104879,0
102699,0
109853,0
107219,0
112464,0
114672,0
118692,0
109156,0
113259,0
106728,0
112037,0
100539,0
106196,0
119601,0
110837,0
102127,0
108232,0
101715,0
105408,0
105602,0
119031,0
113616,0
106367,0
106182,0
101134,0
117225,0
106125,0
100923,0
112817,0
114332,0
114046,0
119677,0
112370,0
104464,0
103369,0
102290,0
112199,0
106868,0
117033,0
119036,0
110929,0
120409,0
115767,0
100268,0
120579,0
104501,0
111046,0
101662,0
102215,0
116119,0
107161,0
115986,0
104468,0
117872,0
118368,0
107274,0
114366,0
118623,0
107887,0
118272,0
111005,0
111999,0
114615,0
102677,0
120598,0
103651,0
111099,0
107883,0
116195,0
109570,0
113573,0
116329,0
109970,0
118422,0
114394,0
102019,0
101747,0
112567,0
115499,0
100280,0
113439,0
120385,0
105694,0
118247,0
114157,0
109014,0
101672,0
118102,0
118210,0
109193,0
111430,0
117715,0
119476,0
121130,0
112721,0
121085,0
100338,0
117538,0
105064,0
120231,0
105658,0
109949,0
109004,0
113389,0
105087,0
111707,0
115266,0
114016,0
109805,0
108133,0
120090,0
121107,0
109906,0
103516,0
120207,0
100377,0
110734,0
119800,0
116803,0
113808,0
111507,0
115259,0
119942,0
109350,0
102602,0
121169,0
115294,0
107796,0
116369,0
117011,0
100533,0
100341,0
117709,0
109236,0
107250,0
115791,0
105744,0
104667,0
114313,0
103314,0
108640,0
101546,0
114396,0
112055,0
110579,0
114930,0
104763,0
102232,0
100992,0
116788,0
110340,0
118551,0
106674,0
103777,0
107140,0
107531,0
120511,0
105360,0
108855,0
112330,0
106816,0
115040,0
105331,0
108093,0
109468,0
104024,0
116749,0
111644,0
101314,0
116110,0
105986,0
116553,0
115429,0
113480,0
111956,0
112139,0
106325,0
114168,0
106484,0
109947,0
117347,0
120838,0
120160,0
117136,0
109988,0
106405,0
106511,0
101478,0
115333,0
103348,0
102056,0
119085,0
120286,0
112206,0
107072,0
117643,0
109141,0
103894,0
116972,0
103027,0
108847,0
106023,0
112303,0
117433,0
114197,0
117480,0
107381,0
119245,0
104116,0
103743,0
103920,0
102242,0
116256,0
110221,0
106538,0
117553,0
102437,0
121537,0
115833,0
117680,0
120136,0
109711,0
112682,0
108666,0
119865,0
117380,0
114516,0
103395,0
101015,0
119207,0
101104,0
110586,0
113520,0
112372,0
115990,0
109650,0
107865,0
106063,0
108234,0
110582,0
112692,0
116527,0
107935,0
100385,0
108035,0
108436,0
118505,0
115890,0
114970,0
110107,0
118158,0
103603,0
103517,0
104258,0
104857,0
101182,0
117016,0
112226,0
104690,0
101429,0
100336,0
101668,0
113809,0
111419,0
111718,0
101351,0
112620,0
110293,0
109629,0
120092,0
114278,0
112869,0
114257,0
120607,0
102572,0
101614,0
107022,0
120186,0
101009,0
115351,0
109212,0
114347,0
110198,0
119071,0
111516,0
100775,0
109505,0
103756,0
101999,0
100578,0
102929,0
109654,0
103683,0
105952,0
117504,0
107566,0
117849,0
102386,0
111833,0
121543,0
100470,0
104610,0
102006,0
104694,0
113600,0
117540,0
118508,0
109524,0
115477,0
106544,0
117952,0
107861,0
110637,0
103237,0
116954,0
108221,0
119683,0
115276,0
121580,0
120689,0
115274,0
114205,0
106135,0
109467,0
102943,0
110121,0
112835,0
109900,0
106909,0
107322,0
121095,0
121277,0
109345,0
106346,0
114554,0
114264,0
110731,0
107177,0
110253,0
121519,0
101047,0
117646,0
100450,0
118837,0
121305,0
108357,0
114577,0
115762,0
115182,0
114633,0
121599,0
112708,0
114034,0
120249,0
117574,0
118318,0
105888,0
103469,0
119551,0
107104,0
114203,0
113658,0
112469,0
106502,0
105247,0
102965,0
101305,0
116364,0
108429,0
105618,0
115618,0
105531,0
120357,0
101085,0
105757,0
117056,0
121131,0
104801,0
102077,0
101153,0
102407,0
104933,0
114493,0
116322,0
117134,0
110729,0
110710,0
106598,0
109235,0
113166,0
100694,0
100351,0
107242,0
110038,0
115011,0
121421,0
105752,0
106209,0
114192,0
118018,0
104018,0
115128,0
106457,0
107519,0
109064,0
104674,0
108724,0
107574,0
115982,0
111020,0
118209,0
117665,0
112761,0
109450,0
107637,0
111682,0
120433,0
117528,0
107882,0
117932,0
111222,0
120024,0
104511,0
116794,0
100926,0
105196,0
118089,0
109047,0
115077,0
111425,0
121429,0
104321,0
103332,0
119132,0
103483,0
110480,0
112993,0
101924,0
116709,0
120633,0
111532,0
120647,0
107019,0
114154,0
117222,0
110529,0
110276,0
117510,0
114523,0
106449,0
106760,0
119499,0
111449,0
110403,0
114441,0
107858,0
109267,0
107187,0
103520,0
112711,0
117262,0
116657,0
100568,0
118195,0
118441,0
108344,0
109631,0
100910,0
113321,0
103278,0
105343,0
108749,0
119314,0
114889,0
111759,0
106765,0
107600,0
114572,0
111702,0
104583,0
114209,0
119452,0
113796,0
103644,0
110391,0
105949,0
111250,0
103482,0
100739,0
116440,0
105295,0
118587,0
114528,0
119310,0
114736,0
117295,0
118480,0
109347,0
101823,0
111897,0
102919,0
117745,0
115561,0
120810,0
116498,0
117549,0
117942,0
103799,0
110589,0
117417,0
103793,0
120258,0
114579,0
101841,0
116249,0
115200,0
101284,0
112681,0
115323,0
100289,0
102890,0
107811,0
113308,0
104165,0
101373,0
113347,0
103147,0
108294,0
103049,0
112602,0
108453,0
102775,0
116149,0
111258,0
101177,0
104730,0
120063,0
119023,0
121182,0
118488,0
117168,0
117919,0
105241,0
121291,0
108633,0
116092,0
112078,0
109707,0
100788,0
117391,0
117198,0
101651,0
114174,0
101106,0
109700,0
118155,0
103253,0
105695,0
110169,0
108507,0
105283,0
102240,0
112064,0
104227,0
101295,0
114428,0
115284,0
105418,0
118448,0
106529,0
105047,0
108688,0
108166,0
117787,0
114566,0
108757,0
104049,0
113962,0
113598,0
113928,0
109321,0
104654,0
119225,0
118953,0
116096,0
105290,0
119903,0
112021,0
113406,0
100218,0
101825,0
101835,0
120515,0
103401,0
108958,0
115694,0
118163,0
104302,0
113397,0
100927,0
106833,0
113298,0
101332,0
101983,0
107570,0
120115,0
110209,0
102066,0
111342,0
119971,0
112774,0
104096,0
110238,0
118489,0
119966,0
115717,0
119186,0
121549,0
104370,0
101510,0
103157,0
100705,0
115504,0
107599,0
112156,0
106625,0
118289,0
105479,0
101149,0
101888,0
116680,0
119238,0
117815,0
104799,0
114758,0
103384,0
116720,0
113481,0
117645,0
114201,0
104023,0
106166,0
120150,0
114472,0
117741,0
121299,0
104804,0
101849,0
115948,0
119010,0
110225,0
102129,0
102570,0
114866,0
115133,0
121339,0
116728,0
104280,0
110400,0
114126,0
113675,0
116637,0
107089,0
121507,0
101515,0
108099,0
108891,0
112595,0
104146,0
118464,0
111805,0
106470,0
119667,0
110846,0
106790,0
116590,0
104907,0
109258,0
105135,0
103645,0
103778,0
120799,0
104038,0
107058,0
121196,0
116843,0
102796,0
112232,0
102333,0
109705,0
100190,0
101059,0
103589,0
119367,0
111051,0
103019,0
106429,0
103502,0
113733,0
116035,0
100027,0
114019,0
116715,0
104437,0
111967,0
116976,0
116571,0
114989,0
106997,0
114796,0
107839,0
120195,0
113887,0
115638,0
107446,0
119355,0
115036,0
105372,0
105122,0
112696,0
101693,0
117801,0
111176,0
114099,0
113412,0
114752,0
111843,0
101666,0
106813,0
103181,0
116233,0
100820,0
101437,0
115993,0
111632,0
112240,0
111173,0
103647,0
110999,0
101061,0
103058,0
103450,0
101922,0
102034,0
110798,0
102647,0
102427,0
113348,0
110303,0
100287,0
106439,0
103363,0
118908,0
106563,0
110278,0
116914,0
119989,0
109318,0
116400,0
116796,0
120949,0
101494,0
111492,0
114777,0
104998,0
115867,0
101199,0
108064,0
100925,0
113676,0
100937,0
110576,0
120754,0
117706,0
107192,0
114310,0
107971,0
120010,0
118491,0
105230,0
103154,0
120184,0
105892,0
101594,0
102366,0
121017,0
108875,0
117550,0
104912,0
100176,0
114498,0
106603,0
120095,0
103748,0
108459,0
116397,0
114186,0
114973,0
111184,0
105249,0
117800,0
100393,0
112020,0
104901,0
106758,0
112886,0
100928,0
107212,0
110131,0
107700,0
104752,0
118535,0
100052,0
117464,0
119502,0
109430,0
118635,0
119523,0
100449,0
113228,0
112778,0
109394,0
119457,0
114925,0
105107,0
101554,0
103009,0
112546,0
105508,0
115684,0
121040,0
118313,0
115671,0
106407,0
113571,0
100530,0
100503,0
110463,0
102405,0
103290,0
116168,0
111349,0
118019,0
104088,0
102626,0
115582,0
101897,0
111916,0
114325,0
114784,0
113344,0
107292,0
110769,0
115398,0
120697,0
109728,0
104016,0
119030,0
116600,0
102617,0
118447,0
109569,0
103973,0
109702,0
117608,0
107748,0
107989,0
101408,0
101753,0
117284,0
109744,0
120704,0
109171,0
117879,0
116186,0
107361,0
106107,0
118190,0
116915,0
115863,0
114361,0
102902,0
100188,0
112126,0
103716,0
104615,0
102037,0
116908,0
102697,0
113700,0
111023,0
114654,0
114611,0
117969,0
107134,0
104499,0
111031,0
116861,0
103955,0
115758,0
106460,0
117910,0
114840,0
110957,0
110304,0
101156,0
116645,0
102326,0
118128,0
101966,0
119003,0
114115,0
109716,0
111533,0
106936,0
113031,0
101139,0
102197,0
101395,0
108409,0
106570,0
109600,0
111777,0
111932,0
115629,0
103950,0
112192,0
100130,0
102125,0
111510,0
108192,0
112693,0
105178,0
113381,0
113255,0
100278,0
120035,0
118640,0
120526,0
108767,0
119269,0
108723,0
104004,0
111948,0
106138,0
108863,0
104990,0
105560,0
116234,0
116421,0
110446,0
118615,0
104351,0
112994,0
120752,0
115258,0
105816,0
119924,0
119176,0
101282,0
118946,0
120621,0
111951,0
109594,0
113039,0
110559,0
106985,0
115958,0
121502,0
119067,0
113483,0
102885,0
103490,0
107102,0
100616,0
116457,0
111285,0
113042,0
107390,0
100845,0
101567,0
105591,0
103960,0
117711,0
103210,0
101786,0
110946,0
110761,0
109231,0
110646,0
118057,0
100918,0
103867,0
120292,0
114728,0
121452,0
113498,0
105184,0
119672,0
103161,0
109621,0
110295,0
108631,0
115034,0
100657,0
103053,0
106261,0
111668,0
114392,0
105251,0
110950,0
102468,0
105782,0
105076,0
103402,0
120741,0
114022,0
105862,0
103151,0
119209,0
114155,0
119782,0
103153,0
111531,0
118811,0
112260,0
119889,0
110866,0
109005,0
101407,0
119940,0
117994,0
119598,0
109087,0
119898,0
102107,0
104099,0
112482,0
105524,0
100241,0
111112,0
105996,0
120120,0
100021,0
111585,0
106944,0
116664,0
119758,0
102682,0
121222,0
107757,0
104945,0
102454,0
119468,0
111062,0
107077,0
117560,0
114377,0
105308,0
110407,0
103295,0
101083,0
102155,0
101795,0
117945,0
104771,0
102806,0
103727,0
104163,0
120878,0
121204,0
119850,0
102899,0
105183,0
115691,0
116523,0
104593,0
109595,0
121301,0
110692,0
121589,0
113219,0
118797,0
103592,0
101527,0
110274,0
121460,0
108504,0
106378,0
116026,0
118219,0
113791,0
114590,0
118070,0
103044,0
118916,0
111872,0
107826,0
105069,0
105699,0
101035,0
108719,0
109856,0
105082,0
102352,0
103289,0
112865,0
106220,0
113874,0
114021,0
108900,0
117326,0
109315,0
104230,0
104129,0
102921,0
120883,0
121482,0
111354,0
104617,0
117087,0
108876,0
104305,0
103693,0
102882,0
104737,0
111383,0
109421,0
113856,0
111988,0
103430,0
108422,0
115748,0
114607,0
115049,0
115269,0
105440,0
109090,0
104326,0
120358,0
100836,0
105823,0
109307,0
111321,0
120937,0
118105,0
103191,0
117435,0
120503,0
102911,0
111206,0
108826,0
112018,0
120710,0
117199,0
107404,0
108667,0
114281,0
102876,0
117332,0
118221,0
100468,0
110065,0
109051,0
108230,0
115607,0
108033,0
102435,0
114312,0
116756,0
109462,0
103494,0
104537,0
118145,0
113707,0
112652,0
105774,0
120674,0
115879,0
118233,0
107348,0
112418,0
103182,0
101347,0
102847,0
120639,0
107996,0
107273,0
111530,0
101444,0
101592,0
103608,0
115283,0
110442,0
109902,0
104240,0
109793,0
111236,0
104181,0
118152,0
103381,0
102398,0
108659,0
114831,0
110508,0
111757,0
114853,0
109024,0
113534,0
114461,0
106255,0
105903,0
102062,0
111234,0
103784,0
113812,0
119597,0
101808,0
121080,0
117257,0
118504,0
111003,0
118639,0
102415,0
107509,0
110606,0
115020,0
105318,0
107388,0
116996,0
110219,0
114770,0
101452,0
102408,0
112224,0
114360,0
100200,0
103091,0
105160,0
103720,0
115416,0
113971,0
107847,0
114231,0
105540,0
120079,0
103550,0
101306,0
104046,0
110655,0
118241,0
114051,0
121600,0
102021,0
112308,0
116706,0
114320,0
107741,0
109508,0
104350,0
120255,0
101339,0
120958,0
111699,0
100947,0
101903,0
119916,0
100379,0
115646,0
104611,0
115510,0
115881,0
116605,0
110542,0
109298,0
104191,0
114376,0
109919,0
115814,0
116401,0
108764,0
101658,0
114149,0
110887,0
119824,0
101426,0
110843,0
111081,0
103004,0
104090,0
120708,0
117876,0
109373,0
110075,0
116981,0
101040,0
102341,0
116037,0
107475,0
100516,0
117774,0
112900,0
115205,0
107101,0
119249,0
116767,0
118202,0
105080,0
100322,0
111274,0
101640,0
121015,0
114225,0
121025,0
119918,0
113762,0
108509,0
107125,0
105384,0
102016,0
112024,0
110506,0
121453,0
117191,0
109984,0
112597,0
121525,0
116402,0
113716,0
119331,0
103190,0
115949,0
100120,0
120923,0
115625,0
114788,0
109123,0
118224,0
116739,0
112171,0
115341,0
121225,0
110207,0
109726,0
100700,0
106866,0
121192,0
102798,0
105435,0
110371,0
112522,0
105365,0
115045,0
120563,0
115376,0
121319,0
116678,0
116647,0
100038,0
117868,0
121104,0
102565,0
100123,0
105333,0
115565,0
109767,0
111365,0
102425,0
120344,0
111921,0
111605,0
106804,0
114145,0
110992,0
109854,0
116816,0
105993,0
108801,0
105141,0
100294,0
115254,0
117395,0
101851,0
116323,0
117138,0
107559,0
108291,0
106660,0
115330,0
115458,0
118570,0
101322,0
111798,0
102084,0
121048,0
102563,0
116760,0
117938,0
111968,0
119759,0
110064,0
118010,0
106410,0
117305,0
110297,0
106251,0
112356,0
109845,0
108547,0
118554,0
113233,0
116539,0
119441,0
114094,0
107517,0
116254,0
113448,0
106608,0
103251,0
105371,0
120934,0
114339,0
103626,0
117353,0
101442,0
120869,0
114714,0
117839,0
116124,0
117995,0
119250,0
120557,0
105831,0
108901,0
121036,0
111611,0
118949,0
116780,0
117386,0
120787,0
107633,0
110128,0
105589,0
121152,0
118449,0
100548,0
100235,0
116926,0
100703,0
112969,0
108479,0
111073,0
102277,0
116451,0
118196,0
110320,0
118283,0
111834,0
102853,0
110572,0
116351,0
109415,0
109865,0
116544,0
100821,0
106595,0
106937,0
108042,0
103215,0
109999,0
113123,0
112894,0
105151,0
109573,0
111125,0
105366,0
115652,0
113647,0
112369,0
119130,0
100134,0
109362,0
109612,0
121390,0
106504,0
106615,0
118374,0
108384,0
104509,0
109779,0
110599,0
116826,0
103551,0
102790,0
110498,0
104876,0
109149,0
107632,0
117481,0
120071,0
113992,0
121486,0
117479,0
105190,0
110847,0
110507,0
115653,0
112320,0
119047,0
107813,0
120652,0
100102,0
119949,0
109015,0
108470,0
107579,0
100599,0
105878,0
120274,0
102519,0
116488,0
107214,0
113319,0
118826,0
121535,0
114748,0
105970,0
113427,0
115810,0
114676,0
117808,0
117054,0
112266,0
121334,0
121300,0
108750,0
116438,0
110205,0
107343,0
107011,0
115584,0
117878,0
113269,0
100285,0
116521,0
111771,0
107672,0
114807,0
121457,0
104113,0
110143,0
112987,0
116170,0
117285,0
104061,0
108283,0
116782,0
116470,0
118093,0
111015,0
100654,0
119614,0
105377,0
113890,0
114603,0
107966,0
110055,0
103957,0
101468,0
100844,0
103896,0
102104,0
112454,0
113669,0
120685,0
119622,0
115389,0
102788,0
120113,0
120166,0
108503,0
106628,0
113132,0
107178,0
103790,0
102962,0
106946,0
120606,0
114550,0
106638,0
106237,0
102217,0
111847,0
111677,0
118344,0
119977,0
108809,0
101440,0
120859,0
119307,0
120104,0
105112,0
110251,0
120123,0
118681,0
101975,0
119142,0
112896,0
120408,0
117613,0
104982,0
106764,0
103211,0
114575,0
101165,0
107010,0
118619,0
109403,0
120783,0
111933,0
106179,0
111641,0
108000,0
101384,0
121491,0
101080,0
103048,0
109272,0
100501,0
107016,0
112273,0
104965,0
121352,0
120040,0
102145,0
115644,0
111954,0
114531,0
105049,0
105461,0
120339,0
119198,0
109540,0
110186,0
102080,0
100591,0
103919,0
108850,0
114107,0
107133,0
109066,0
111130,0
108759,0
119096,0
120884,0
117400,0
107138,0
100545,0
115472,0
110084,0
108506,0
101327,0
107814,0
117589,0
117797,0
120935,0
112193,0
118404,0
101671,0
119930,0
113106,0
112113,0
102323,0
101387,0
111896,0
100163,0
120041,0
120294,0
101280,0
106140,0
116140,0
121111,0
100770,0
114038,0
113963,0
118051,0
117206,0
106872,0
110126,0
115754,0
109043,0
107264,0
109588,0
107712,0
100743,0
116015,0
120132,0
111748,0
113342,0
116116,0
104322,0
112932,0
112773,0
121504,0
116950,0
111719,0
106923,0
117162,0
113250,0
113430,0
109586,0
114178,0
107457,0
111969,0
107079,0
119369,0
116481,0
105322,0
104285,0
105237,0
103032,0
102583,0
113698,0
116734,0
114004,0
118149,0
111460,0
120422,0
111671,0
100852,0
106507,0
111794,0
107831,0
105811,0
117123,0
114573,0
104743,0
110580,0
105286,0
113390,0
113837,0
101450,0
118413,0
114475,0
120373,0
104222,0
100924,0
120709,0
111021,0
109124,0
101390,0
120482,0
111871,0
115689,0
119571,0
100662,0
119204,0
113116,0
114089,0
115114,0
120854,0
118867,0
107705,0
103544,0
103169,0
120194,0
100822,0
112999,0
106569,0
111453,0
103022,0
104266,0
118452,0
100016,0
104107,0
113299,0
114545,0
114534,0
106435,0
103564,0
114253,0
101318,0
111411,0
109503,0
115511,0
107287,0
118499,0
120613,0
114933,0
117149,0
103562,0
121022,0
117708,0
116041,0
112247,0
116315,0
112376,0
112279,0
121248,0
106306,0
112208,0
120162,0
118048,0
111399,0
116993,0
109763,0
106296,0
121444,0
109861,0
116425,0
115928,0
118141,0
109741,0
103844,0
119612,0
112911,0
103825,0
113967,0
107714,0
108546,0
120533,0
100237,0
102207,0
121520,0
105225,0
112248,0
102633,0
109113,0
107434,0
101235,0
106885,0
112351,0
107997,0
112379,0
103108,0
102035,0
113272,0
110850,0
100655,0
104414,0
105233,0
100569,0
101122,0
103478,0
120860,0
112086,0
110141,0
113775,0
120268,0
106059,0
100653,0
103475,0
102891,0
103773,0
101534,0
102799,0
114994,0
112054,0
116370,0
120534,0
106698,0
119877,0
102234,0
100223,0
110560,0
109720,0
117927,0
120119,0
101909,0
112468,0
110234,0
115307,0
116107,0
103158,0
113071,0
106219,0
118186,0
109674,0
101646,0
119201,0
121360,0
106910,0
117001,0
116427,0
118898,0
116000,0
104158,0
103656,0
106597,0
105268,0
109561,0
120793,0
105496,0
101357,0
116785,0
120305,0
103127,0
115072,0
100596,0
109871,0
102491,0
111793,0
111594,0
118972,0
115241,0
113178,0
106503,0
121431,0
106461,0
116151,0
102495,0
107150,0
104223,0
108026,0
106740,0
100116,0
116501,0
102825,0
101760,0
116795,0
104265,0
105813,0
102049,0
120791,0
118295,0
103055,0
101245,0
114110,0
104152,0
118087,0
104447,0
101485,0
117761,0
116822,0
102335,0
100433,0
117032,0
102604,0
115934,0
106555,0
105569,0
109905,0
116152,0
104379,0
119114,0
103964,0
111813,0
108917,0
109204,0
105601,0
117863,0
107825,0
119818,0
105409,0
120112,0
100785,0
112745,0
102764,0
114280,0
100641,0
103093,0
111134,0
111785,0
112243,0
116650,0
114800,0
113099,0
115669,0
113084,0
110918,0
102912,0
100967,0
107300,0
117768,0
111590,0
100556,0
100010,0
110706,0
106735,0
110636,0
108265,0
104689,0
116405,0
121397,0
115585,0
104558,0
118779,0
103580,0
107347,0
115564,0
120600,0
115735,0
121550,0
111733,0
110513,0
106671,0
103125,0
107035,0
115286,0
110738,0
111717,0
102003,0
101943,0
119748,0
109058,0
107210,0
121287,0
108967,0
113554,0
107548,0
105982,0
110200,0
102036,0
105188,0
120499,0
121019,0
111683,0
116575,0
112456,0
111397,0
100874,0
109518,0
106181,0
107429,0
118900,0
119277,0
113807,0
116243,0
117636,0
112949,0
109387,0
119141,0
100180,0
102094,0
116985,0
118227,0
112382,0
117415,0
100047,0
119286,0
115915,0
118764,0
115183,0
118679,0
109434,0
114763,0
102501,0
103588,0
100624,0
100348,0
104619,0
106169,0
107547,0
104825,0
116229,0
104842,0
117647,0
118662,0
119595,0
105497,0
107765,0
117864,0
120006,0
105153,0
104606,0
104538,0
119861,0
108055,0
106688,0
121379,0
113629,0
110647,0
116631,0
119017,0
107069,0
113631,0
101196,0
110658,0
109037,0
113441,0
115520,0
114756,0
112463,0
105880,0
115591,0
110988,0
116452,0
108177,0
113395,0
111803,0
119931,0
113288,0
110497,0
116014,0
104820,0
110349,0
115007,0
108635,0
113200,0
105576,0
104151,0
109544,0
116560,0
109991,0
114719,0
103705,0
109826,0
104079,0
105872,0
121485,0
116198,0
119558,0
108533,0
114954,0
103930,0
111276,0
101225,0
105852,0
104885,0
103328,0
119192,0
119895,0
102481,0
115188,0
119107,0
103996,0
107991,0
101206,0
111475,0
104692,0
113497,0
112710,0
105194,0
104627,0
121474,0
109200,0
100656,0
100398,0
103585,0
105647,0
117449,0
106599,0
108380,0
101539,0
109849,0
116187,0
118503,0
110112,0
113624,0
110187,0
106321,0
105066,0
111754,0
120769,0
119018,0
104478,0
121102,0
116898,0
104989,0
111986,0
109557,0
104171,0
106031,0
101012,0
106030,0
111464,0
118754,0
120658,0
114177,0
117399,0
107646,0
100685,0
111823,0
117521,0
102321,0
113059,0
100411,0
117720,0
115318,0
106110,0
101511,0
116701,0
118017,0
104275,0
110185,0
101481,0
111327,0
104768,0
112265,0
114675,0
114703,0
119591,0
109360,0
110947,0
121371,0
110700,0
116962,0
109457,0
113148,0
104845,0
107467,0
115941,0
118319,0
110347,0
113239,0
119373,0
119736,0
110521,0
101086,0
106215,0
121433,0
103823,0
117190,0
118151,0
103130,0
107183,0
107440,0
103561,0
102475,0
103443,0
106290,0
105244,0
117185,0
114813,0
113207,0
102887,0
109449,0
105016,0
107136,0
121151,0
112572,0
103386,0
107816,0
114596,0
120033,0
101692,0
102765,0
109978,0
111721,0
105037,0
115368,0
101745,0
103606,0
107065,0
111027,0
104401,0
118436,0
108458,0
108784,0
104371,0
115964,0
111160,0
103666,0
107607,0
108095,0
102733,0
114048,0
119908,0
117174,0
102334,0
117837,0
108527,0
119703,0
109712,0
111739,0
121407,0
103396,0
102741,0
114035,0
120145,0
115926,0
112647,0
117762,0
119496,0
120412,0
100113,0
110652,0
119293,0
119458,0
110262,0
114028,0
119312,0
105581,0
114697,0
118870,0
102555,0
105417,0
117509,0
103177,0
101509,0
111767,0
119274,0
105265,0
114353,0
104564,0
114623,0
108933,0
108005,0
119849,0
107129,0
119521,0
121125,0
121564,0
100199,0
104192,0
104333,0
113176,0
120402,0
118613,0
120951,0
118712,0
106210,0
104078,0
104014,0
100445,0
116802,0
119864,0
119516,0
109821,0
108138,0
117897,0
114626,0
114722,0
116062,0
112293,0
107230,0
104228,0
107770,0
108134,0
107900,0
113172,0
118172,0
111918,0
120087,0
102141,0
117243,0
110013,0
105127,0
107485,0
120205,0
100659,0
105839,0
111953,0
101586,0
105152,0
104958,0
100282,0
104535,0
103335,0
107732,0
118955,0
100068,0
106326,0
104776,0
120822,0
109525,0
115217,0
110413,0
106917,0
108472,0
111297,0
109264,0
120755,0
102526,0
121406,0
108731,0
119506,0
112069,0
108036,0
102194,0
115611,0
109794,0
109342,0
120498,0
114426,0
106310,0
102774,0
105609,0
104112,0
121386,0
112152,0
115293,0
106797,0
114243,0
110753,0
117921,0
108642,0
120169,0
108338,0
116054,0
101939,0
103508,0
115394,0
103312,0
119880,0
101947,0
115041,0
106646,0
119986,0
121437,0
100829,0
102961,0
109266,0
113868,0
104746,0
102421,0
103003,0
112334,0
106788,0
113199,0
117904,0
120222,0
102810,0
108295,0
107855,0
116228,0
108274,0
100157,0
121176,0
114263,0
120114,0
110228,0
107271,0
110795,0
103473,0
116058,0
103234,0
105639,0
117612,0
108776,0
107379,0
103657,0
118549,0
119798,0
103900,0
121348,0
119969,0
103828,0
114185,0
105937,0
117057,0
109483,0
101932,0
116175,0
115327,0
115945,0
110052,0
115372,0
108247,0
101698,0
111874,0
114009,0
102536,0
117250,0
120093,0
119416,0
118107,0
104298,0
106827,0
119661,0
106425,0
115150,0
107586,0
119497,0
118875,0
105382,0
111741,0
117770,0
108514,0
109639,0
105309,0
109868,0
116365,0
108086,0
103420,0
105084,0
114525,0
110945,0
108639,0
119133,0
101566,0
109390,0
101422,0
101984,0
112638,0
116248,0
106510,0
107794,0
120876,0
115309,0
113889,0
114555,0
111938,0
114581,0
114850,0
101653,0
107511,0
107391,0
112506,0
108524,0
104856,0
107762,0
109704,0
116303,0
109876,0
102314,0
121365,0
101446,0
111919,0
111504,0
110923,0
113582,0
110062,0
101307,0
119256,0
112094,0
105857,0
108650,0
116165,0
121362,0
114000,0
106823,0
107113,0
104655,0
109398,0
108981,0
118977,0
117093,0
106143,0
106283,0
100145,0
120820,0
116911,0
120435,0
121490,0
103935,0
100084,0
111686,0
120768,0
118114,0
116206,0
111277,0
114871,0
119767,0
106815,0
113814,0
119123,0
106999,0
103075,0
113051,0
118725,0
108627,0
106479,0
115409,0
120300,0
104153,0
102329,0
114785,0
109408,0
103397,0
101413,0
121609,0
116787,0
112002,0
121425,0
106781,0
116835,0
118564,0
110111,0
108091,0
108351,0
102230,0
108943,0
116231,0
120653,0
106869,0
100864,0
119157,0
108763,0
104753,0
102858,0
116109,0
115149,0
103902,0
119897,0
114008,0
115569,0
117152,0
117296,0
103881,0
104500,0
105743,0
102069,0
117072,0
120056,0
107494,0
119292,0
100402,0
119074,0
109140,0
116726,0
101113,0
116280,0
107575,0
100155,0
114251,0
120479,0
107552,0
110148,0
119706,0
114553,0
119491,0
119760,0
109958,0
101680,0
116633,0
102953,0
101965,0
100498,0
108180,0
113864,0
103292,0
104744,0
100808,0
100173,0
109521,0
100847,0
116032,0
107904,0
106686,0
110095,0
113916,0
113873,0
118043,0
104101,0
101385,0
117531,0
121380,0
112720,0
117580,0
113996,0
113126,0
115755,0
120152,0
113183,0
118522,0
115215,0
103073,0
108074,0
119162,0
121458,0
112432,0
113691,0
105158,0
108395,0
107761,0
100035,0
116118,0
105777,0
104135,0
112437,0
118680,0
109529,0
108694,0
104916,0
118577,0
114975,0
112628,0
100006,0
103577,0
112440,0
103479,0
110150,0
112368,0
120418,0
115648,0
111202,0
115357,0
101409,0
106328,0
118400,0
119401,0
112287,0
100088,0
106717,0
113750,0
118520,0
120034,0
106482,0
109538,0
113818,0
119347,0
117303,0
113341,0
111587,0
115531,0
107259,0
102930,0
114638,0
103880,0
106847,0
119101,0
120057,0
115100,0
116931,0
102906,0
105445,0
111817,0
100046,0
118061,0
119732,0
104179,0
100166,0
104664,0
107480,0
104141,0
108966,0
101424,0
117617,0
116359,0
116281,0
119929,0
106659,0
120332,0
112603,0
101391,0
113159,0
102514,0
101805,0
102137,0
121253,0
114142,0
110594,0
111077,0
100704,0
100630,0
110662,0
108614,0
110300,0
108209,0
106642,0
105009,0
103643,0
103568,0
109366,0
109115,0
108695,0
116542,0
112895,0
102711,0
121252,0
117806,0
115526,0
104712,0
103812,0
117926,0
107094,0
107668,0
101208,0
112347,0
120486,0
105577,0
113129,0
105559,0
104387,0
110786,0
118191,0
119714,0
111973,0
102202,0
118871,0
113794,0
104479,0
108568,0
103116,0
118174,0
106409,0
110989,0
120648,0
104830,0
118193,0
103227,0
105159,0
102048,0
121320,0
109324,0
118301,0
108046,0
110299,0
110880,0
118454,0
118904,0
103910,0
100779,0
121595,0
106769,0
112856,0
117101,0
115412,0
116547,0
105314,0
120804,0
111922,0
104066,0
119576,0
116770,0
114153,0
102216,0
110518,0
112728,0
112227,0
101073,0
106105,0
105296,0
120690,0
107110,0
120609,0
105520,0
110768,0
117906,0
108807,0
111661,0
108541,0
117980,0
107665,0
105561,0
117827,0
106188,0
120364,0
108432,0
104805,0
104926,0
100211,0
108077,0
106211,0
115574,0
119297,0
118483,0
107181,0
121568,0
113847,0
117477,0
102802,0
116675,0
114100,0
102209,0
113489,0
109823,0
100170,0
103992,0
100481,0
109466,0
109801,0
100848,0
118006,0
115777,0
106246,0
117146,0
104015,0
115547,0
110113,0
118592,0
116030,0
120888,0
108701,0
117640,0
109143,0
112622,0
100335,0
120842,0
109106,0
108061,0
117592,0
104783,0
118844,0
101091,0
105963,0
104093,0
108925,0
109864,0
118966,0
100941,0
112552,0
100762,0
121101,0
113424,0
121099,0
120229,0
109813,0
116362,0
118602,0
107119,0
118534,0
104304,0
100196,0
116191,0
113727,0
119455,0
106706,0
112405,0
105414,0
113947,0
105682,0
106094,0
115260,0
112105,0
100212,0
116596,0
121121,0
113093,0
102578,0
111923,0
106935,0
106571,0
121434,0
102613,0
103689,0
117154,0
105336,0
120138,0
111975,0
109848,0
115484,0
105995,0
105821,0
113788,0
106205,0
103917,0
109116,0
108009,0
104428,0
111149,0
116305,0
119602,0
118813,0
110762,0
109527,0
120100,0
106549,0
116377,0
114893,0
111272,0
101334,0
115102,0
107427,0
120224,0
117886,0
114536,0
104946,0
115121,0
115174,0
104896,0
114882,0
116203,0
106995,0
106235,0
108137,0
104000,0
106158,0
107382,0
103702,0
118237,0
119273,0
107333,0
115683,0
104620,0
117324,0
109210,0
102603,0
108738,0
121132,0
116740,0
114711,0
113028,0
114518,0
115103,0
116655,0
119981,0
115025,0
117355,0
120830,0
118292,0
119212,0
104296,0
114017,0
100853,0
108063,0
103956,0
106353,0
103391,0
117263,0
121065,0
105542,0
112309,0
107175,0
110703,0
110358,0
112046,0
109377,0
107655,0
105201,0
103089,0
100101,0
101067,0
110915,0
103102,0
121165,0
120550,0
121449,0
106012,0
109981,0
103649,0
112211,0
105975,0
112146,0
105182,0
102480,0
103767,0
115197,0
119448,0
121347,0
107977,0
101330,0
112458,0
103165,0
110690,0
102897,0
103661,0
105651,0
109418,0
107423,0
117063,0
104012,0
113369,0
117841,0
114272,0
108522,0
100771,0
105342,0
112890,0
113753,0
105263,0
115348,0
104849,0
110971,0
119690,0
103872,0
112926,0
109033,0
117364,0
102450,0
109184,0
116183,0
100648,0
103370,0
121049,0
104126,0
115544,0
103832,0
120251,0
101619,0
102286,0
116420,0
120825,0
100017,0
109683,0
111249,0
119284,0
110481,0
107442,0
102645,0
114418,0
116998,0
105060,0
109391,0
113908,0
121367,0
118130,0
118058,0
102581,0
106814,0
119088,0
107662,0
107880,0
103622,0
108669,0
107106,0
113810,0
107284,0
116938,0
115698,0
105447,0
113420,0
110444,0
113973,0
117062,0
106011,0
120627,0
113290,0
115208,0
110645,0
107950,0
101892,0
119321,0
116106,0
119179,0
121018,0
102133,0
101605,0
104513,0
106324,0
116500,0
105661,0
108864,0
104224,0
121042,0
107145,0
105955,0
115632,0
109986,0
108717,0
119410,0
112269,0
115146,0
103543,0
116548,0
103533,0
119231,0
116185,0
103749,0
120970,0
102841,0
107949,0
111597,0
120908,0
119232,0
108944,0
119137,0
103942,0
118339,0
104887,0
104147,0
110638,0
116475,0
100702,0
104942,0
113838,0
101544,0
108852,0
101319,0
100589,0
113080,0
109993,0
102722,0
105045,0
117172,0
100562,0
118546,0
113545,0
113202,0
114242,0
115247,0
110821,0
120818,0
110891,0
114454,0
111904,0
103418,0
117359,0
106681,0
121403,0
121035,0
112228,0
113589,0
115914,0
103240,0
100800,0
109627,0
102172,0
111541,0
116133,0
110836,0
108475,0
109219,0
110630,0
104010,0
116613,0
102502,0
111580,0
118617,0
106988,0
113563,0
116587,0
107245,0
108167,0
114434,0
100792,0
108400,0
102594,0
120069,0
116597,0
115942,0
110704,0
106631,0
110033,0
106365,0
115098,0
106232,0
118838,0
102153,0
106945,0
111388,0
114937,0
101537,0
120921,0
105128,0
102322,0
116066,0
119447,0
117651,0
113110,0
106496,0
109697,0
105792,0
116528,0
113114,0
116382,0
114464,0
118787,0
113421,0
101624,0
114636,0
117269,0
103033,0
106862,0
103189,0
118557,0
105317,0
104215,0
105271,0
108466,0
114136,0
105426,0
104980,0
103851,0
114289,0
105471,0
116639,0
118502,0
119352,0
121359,0
119579,0
108739,0
108246,0
119224,0
108615,0
106841,0
114616,0
118749,0
121144,0
103124,0
114903,0
107582,0
100469,0
100867,0
114514,0
120219,0
114171,0
102291,0
111310,0
104882,0
121217,0
103017,0
120270,0
112836,0
107156,0
102434,0
119155,0
109526,0
102756,0
115609,0
116340,0
109473,0
105836,0
117670,0
108066,0
115095,0
114622,0
114690,0
108602,0
101215,0
110631,0
114451,0
111185,0
109890,0
105716,0
109642,0
112715,0
117091,0
103293,0
102881,0
105810,0
114116,0
112062,0
113977,0
121467,0
105179,0
107302,0
102250,0
113285,0
116216,0
105269,0
107903,0
106329,0
105575,0
100620,0
104766,0
120042,0
103798,0
104341,0
102138,0
116628,0
109648,0
101405,0
110005,0
104859,0
110361,0
118222,0
110130,0
105340,0
111360,0
109884,0
112832,0
111971,0
120102,0
107859,0
110189,0
117918,0
108047,0
112921,0
105992,0
104259,0
115978,0
105869,0
102759,0
108243,0
104254,0
121438,0
102410,0
111715,0
112930,0
112321,0
103633,0
112448,0
112315,0
113986,0
108489,0
111199,0
118395,0
102058,0
103074,0
104457,0
112847,0
120617,0
117769,0
104823,0
117579,0
108569,0
104672,0
114336,0
107021,0
111844,0
114844,0
118932,0
108352,0
116493,0
116057,0
113273,0
118730,0
115859,0
114267,0
111078,0
104276,0
106037,0
106003,0
104917,0
101123,0
118556,0
115116,0
109046,0
105203,0
114509,0
100745,0
113828,0
104726,0
109749,0
115605,0
109806,0
118373,0
118886,0
114564,0
115498,0
114585,0
113019,0
121526,0
114951,0
117460,0
100414,0
100567,0
101782,0
100607,0
105256,0
104134,0
112927,0
112014,0
101530,0
114835,0
119562,0
117843,0
106481,0
113187,0
105123,0
115697,0
102763,0
116917,0
115064,0
103052,0
105641,0
108725,0
102032,0
115937,0
104345,0
106231,0
106973,0
119261,0
109918,0
117535,0
112536,0
102191,0
118660,0
111447,0
115207,0
111059,0
104547,0
119357,0
116357,0
109662,0
119041,0
101931,0
103066,0
116132,0
109708,0
114055,0
111581,0
104503,0
111876,0
109260,0
121450,0
105177,0
105856,0
105579,0
101355,0
110862,0
101325,0
110825,0
113465,0
103485,0
117322,0
117992,0
111736,0
119515,0
118252,0
115825,0
107314,0
118921,0
109717,0
110827,0
110199,0
119910,0
113801,0
104057,0
106652,0
106042,0
117532,0
101907,0
104035,0
100334,0
102350,0
117588,0
111243,0
111402,0
107781,0
100594,0
103122,0
117372,0
108665,0
113892,0
113231,0
110921,0
103736,0
110616,0
117375,0
104210,0
103259,0
115772,0
121327,0
116888,0
113237,0
110250,0
114010,0
104966,0
102742,0
112427,0
114283,0
103214,0
104884,0
114721,0
118790,0
107957,0
116306,0
115731,0
117104,0
121517,0
104560,0
120086,0
110941,0
107819,0
105363,0
109633,0
106149,0
102672,0
117049,0
116956,0
115195,0
103423,0
118528,0
101162,0
112737,0
106941,0
102632,0
113423,0
101482,0
105138,0
108212,0
107124,0
115285,0
104300,0
111083,0
121533,0
100682,0
104418,0
113914,0
110689,0
114070,0
117507,0
114914,0
120954,0
116940,0
112838,0
101979,0
112451,0
116859,0
120618,0
118677,0
119885,0
119146,0
108564,0
113506,0
110059,0
104043,0
104914,0
115187,0
117047,0
117930,0
120796,0
106375,0
105235,0
117755,0
102017,0
104357,0
115420,0
113701,0
100252,0
114096,0
104539,0
103172,0
110664,0
100869,0
121031,0
100399,0
113235,0
107194,0
104683,0
108465,0
109183,0
107340,0
117956,0
118683,0
118383,0
121215,0
109420,0
106133,0
117569,0
121286,0
110435,0
101771,0
112333,0
121254,0
116282,0
119427,0
114037,0
121054,0
103556,0
121118,0
106172,0
115763,0
108148,0
117096,0
113820,0
101090,0
101956,0
120137,0
119960,0
102701,0
120797,0
107489,0
109002,0
105399,0
118523,0
113263,0
107688,0
106490,0
103110,0
116947,0
113277,0
119134,0
114285,0
112282,0
106542,0
112157,0
110975,0
114977,0
105370,0
108306,0
113201,0
104052,0
106295,0
105373,0
108098,0
111763,0
102901,0
108017,0
121026,0
118938,0
113055,0
120111,0
116588,0
113388,0
107308,0
106960,0
102951,0
106414,0
102160,0
105593,0
112174,0
104881,0
107346,0
111989,0
104452,0
113252,0
100448,0
102726,0
115063,0
117383,0
116053,0
117972,0
115179,0
101049,0
109719,0
109395,0
113361,0
113560,0
100513,0
102676,0
103665,0
120568,0
111481,0
109104,0
102975,0
112124,0
117834,0
103826,0
119856,0
119159,0
100841,0
105055,0
113664,0
115060,0
117891,0
109233,0
101036,0
102013,0
110118,0
107635,0
108194,0
106038,0
114319,0
106602,0
103928,0
119721,0
121155,0
108542,0
115056,0
106089,0
115572,0
104083,0
118620,0
117379,0
111013,0
105747,0
107702,0
114291,0
107731,0
116517,0
117360,0
107352,0
120232,0
106057,0
116967,0
118033,0
100613,0
101960,0
115345,0
114260,0
116832,0
101506,0
101677,0
115972,0
104669,0
108270,0
117229,0
111180,0
105429,0
109463,0
108116,0
115824,0
112096,0
114333,0
101854,0
103874,0
112144,0
111224,0
112891,0
120620,0
120622,0
100114,0
116825,0
105274,0
106124,0
100209,0
109817,0
116253,0
118132,0
114367,0
114090,0
106950,0
104657,0
100175,0
109268,0
117333,0
116705,0
110711,0
101507,0
104858,0
106803,0
116465,0
102211,0
105554,0
103753,0
104369,0
106684,0
114053,0
107936,0
118398,0
114058,0
109042,0
118409,0
121162,0
114249,0
121001,0
101267,0
105636,0
105099,0
121120,0
108751,0
110634,0
107395,0
114065,0
110018,0
120875,0
101465,0
107916,0
101626,0
112410,0
114300,0
118015,0
117485,0
111454,0
114618,0
106402,0
109255,0
103449,0
109895,0
106292,0
113470,0
102111,0
108153,0
115529,0
109326,0
107144,0
115994,0
114198,0
108182,0
101248,0
119542,0
107622,0
107073,0
107913,0
107470,0
114610,0
108217,0
105441,0
100484,0
118120,0
100028,0
101415,0
107105,0
116277,0
107679,0
105224,0
119349,0
106390,0
107924,0
110894,0
105024,0
108178,0
119764,0
107545,0
113145,0
121062,0
108191,0
112883,0
114381,0
120745,0
102443,0
116146,0
108488,0
110336,0
116717,0
118940,0
107075,0
115593,0
105298,0
104430,0
102660,0
101056,0
118791,0
101919,0
120083,0
105345,0
102982,0
113218,0
102527,0
111522,0
107993,0
101026,0
119723,0
100323,0
113456,0
110551,0
113468,0
117756,0
107179,0
121593,0
108616,0
101850,0
118463,0
109191,0
110057,0
118992,0
120586,0
120722,0
120868,0
101879,0
111201,0
102994,0
113957,0
114143,0
107228,0
120943,0
117153,0
119471,0
118827,0
109516,0
121298,0
116812,0
118750,0
108741,0
106586,0
117757,0
117167,0
121445,0
110907,0
119498,0
118204,0
115911,0
114479,0
103742,0
101006,0
105842,0
100883,0
116224,0
108158,0
108892,0
105851,0
119603,0
116446,0
116973,0
101304,0
114329,0
111445,0
111486,0
110058,0
112328,0
120046,0
104605,0
105300,0
100859,0
110382,0
111427,0
108159,0
103609,0
119578,0
116905,0
118169,0
107218,0
104007,0
120666,0
108111,0
117978,0
109653,0
118820,0
113211,0
106403,0
101859,0
111271,0
120228,0
120572,0
110955,0
107709,0
110212,0
111422,0
119068,0
109964,0
111197,0
118637,0
109159,0
102044,0
112878,0
113798,0
103013,0
109305,0
109989,0
101986,0
105631,0
109314,0
120770,0
119833,0
103051,0
102927,0
105898,0
118868,0
105368,0
118852,0
109205,0
105175,0
104604,0
109128,0
119789,0
108671,0
121145,0
102947,0
105585,0
112944,0
101259,0
104446,0
119333,0
117196,0
111163,0
102367,0
116097,0
104334,0
105547,0
121235,0
121470,0
118335,0
102664,0
119569,0
117697,0
113119,0
106742,0
112177,0
119975,0
106440,0
106282,0
109607,0
106627,0
113572,0
112465,0
113564,0
108730,0
121174,0
119417,0
102262,0
112542,0
108777,0
120962,0
100575,0
104613,0
107160,0
107698,0
100625,0
104844,0
112743,0
103351,0
115382,0
119947,0
108407,0
101197,0
114836,0
119364,0
110516,0
115288,0
111333,0
118020,0
106050,0
116394,0
108207,0
109699,0
102453,0
103373,0
101420,0
105789,0
102770,0
117003,0
104644,0
116941,0
118287,0
104587,0
107147,0
101861,0
118910,0
111979,0
110372,0
105915,0
105067,0
115428,0
100724,0
101602,0
109782,0
109628,0
109074,0
108355,0
101109,0
106016,0
111462,0
100135,0
110404,0
109606,0
121069,0
121477,0
103801,0
113795,0
112423,0
115224,0
119853,0
104602,0
102001,0
118402,0
112606,0
112430,0
107926,0
118086,0
101432,0
116957,0
108816,0
109166,0
121184,0
116943,0
110787,0
112717,0
117351,0
106313,0
119303,0
107055,0
107657,0
117506,0
104248,0
109226,0
105511,0
119195,0
120183,0
113781,0
101172,0
112864,0
108797,0
102391,0
103750,0
103096,0
120020,0
120462,0
109332,0
111652,0
101773,0
100673,0
119409,0
108904,0
110916,0
117183,0
101497,0
112476,0
119393,0
119091,0
108692,0
119900,0
109560,0
100362,0
106733,0
102114,0
100104,0
101449,0
105385,0
120158,0
120764,0
121427,0
119206,0
114678,0
119145,0
102122,0
115191,0
120227,0
109372,0
110906,0
100756,0
106279,0
117726,0
120410,0
105634,0
119211,0
105163,0
117587,0
108559,0
112160,0
120008,0
119477,0
105794,0
112380,0
118475,0
117642,0
118584,0
121073,0
111696,0
103685,0
107610,0
113356,0
120546,0
113491,0
111014,0
109138,0
104496,0
105788,0
111892,0
107925,0
104659,0
114571,0
100122,0
104792,0
120798,0
104199,0
113254,0
119600,0
106583,0
117454,0
119087,0
113772,0
113056,0
100529,0
115219,0
105538,0
113193,0
117582,0
110355,0
118698,0
114755,0
104924,0
105023,0
115366,0
108057,0
104489,0
112707,0
103347,0
107020,0
112526,0
104839,0
106144,0
103968,0
121216,0
112391,0
100710,0
100611,0
120743,0
105202,0
120052,0
105240,0
107827,0
119511,0
117398,0
102705,0
118098,0
104175,0
117977,0
106079,0
101329,0
112830,0
103480,0
120795,0
118585,0
112153,0
100225,0
100730,0
108303,0
116952,0
110311,0
118842,0
119170,0
102261,0
120027,0
103852,0
111816,0
100809,0
103821,0
101520,0
116536,0
110482,0
114425,0
112646,0
106694,0
107943,0
111723,0
105181,0
108736,0
116867,0
109148,0
110896,0
100541,0
103031,0
111538,0
100319,0
102361,0
104117,0
104616,0
106272,0
104869,0
106959,0
113312,0
117432,0
117885,0
107636,0
105078,0
101636,0
110900,0
112653,0
103035,0
110953,0
108028,0
111612,0
121171,0
120386,0
119630,0
103884,0
115356,0
112009,0
118772,0
106678,0
111113,0
100031,0
119992,0
121499,0
111157,0
120847,0
103458,0
108963,0
104028,0
114025,0
105319,0
110087,0
116332,0
119752,0
111742,0
111972,0
120829,0
105012,0
119731,0
100989,0
112120,0
114036,0
102144,0
112561,0
108146,0
119512,0
111762,0
108603,0
106867,0
115664,0
103421,0
106501,0
112669,0
105686,0
121389,0
115425,0
113634,0
119879,0
114621,0
112918,0
109556,0
117986,0
105619,0
105386,0
114122,0
104231,0
112623,0
100139,0
103854,0
112155,0
100586,0
105783,0
119185,0
110510,0
108978,0
115017,0
119270,0
107984,0
100465,0
118740,0
107426,0
104271,0
107478,0
108886,0
102754,0
120924,0
100881,0
104824,0
117118,0
100517,0
116903,0
117624,0
109655,0
119708,0
115299,0
109887,0
120321,0
113517,0
113130,0
118598,0
117265,0
101982,0
107149,0
100189,0
112452,0
121203,0
112100,0
117929,0
112438,0
111045,0
114815,0
110517,0
112015,0
114457,0
113728,0
120322,0
117024,0
119358,0
104923,0
107694,0
116697,0
100259,0
100709,0
105222,0
103694,0
114644,0
102014,0
118415,0
104241,0
112794,0
116800,0
111296,0
106071,0
109686,0
109215,0
101770,0
120660,0
111549,0
107499,0
115483,0
111362,0
106573,0
114830,0
113431,0
119937,0
110675,0
113064,0
101876,0
111215,0
110833,0
112772,0
115070,0
104006,0
102694,0
112495,0
108988,0
105133,0
106073,0
118529,0
106174,0
109243,0
106789,0
104232,0
100307,0
120669,0
106264,0
117227,0
104702,0
118877,0
115917,0
102131,0
118076,0
119544,0
104005,0
116679,0
121377,0
119965,0
110401,0
103268,0
113909,0
112828,0
107808,0
119103,0
103086,0
104577,0
106729,0
108610,0
112844,0
113370,0
104848,0
119673,0
106716,0
109773,0
120070,0
117533,0
118134,0
120271,0
100729,0
103195,0
119866,0
101621,0
108376,0
108006,0
103728,0
104671,0
117746,0
103425,0
114804,0
106987,0
120124,0
108654,0
106620,0
115889,0
120287,0
113338,0
111934,0
103060,0
116913,0
101581,0
120772,0
111673,0
111289,0
118385,0
118009,0
103624,0
110242,0
103114,0
100222,0
101001,0
121230,0
109691,0
105659,0
102937,0
105131,0
101460,0
119291,0
109500,0
108119,0
121422,0
103521,0
107396,0
118410,0
107266,0
102182,0
104162,0
108734,0
116576,0
106606,0
116350,0
102057,0
112151,0
109126,0
112983,0
109487,0
109174,0
110998,0
108452,0
117409,0
111050,0
108835,0
113195,0
113109,0
107641,0
102615,0
100777,0
116663,0
121497,0
103519,0
116627,0
120311,0
111821,0
119733,0
100457,0
111431,0
102789,0
109791,0
118220,0
103802,0
106711,0
109509,0
111030,0
117160,0
120443,0
108936,0
103789,0
105191,0
110840,0
120434,0
119669,0
102346,0
108118,0
108649,0
114901,0
102203,0
114061,0
111183,0
114665,0
111223,0
102861,0
116814,0
108525,0
119109,0
108745,0
110809,0
109634,0
111423,0
121436,0
118753,0
104279,0
102979,0
121293,0
102448,0
109897,0
121346,0
102736,0
101737,0
115319,0
114316,0
111248,0
107397,0
117390,0
113353,0
120254,0
118987,0
100566,0
101950,0
106993,0
110056,0
100723,0
113888,0
106286,0
117234,0
117053,0
107930,0
102031,0
117327,0
106455,0
104213,0
112759,0
103650,0
120599,0
112343,0
112481,0
111182,0
109213,0
108768,0
107914,0
113671,0
113020,0
105355,0
104120,0
108718,0
118372,0
120950,0
116777,0
106176,0
115343,0
106994,0
120263,0
119197,0
108421,0
102027,0
116482,0
112322,0
108999,0
106401,0
111103,0
104409,0
101189,0
110317,0
117268,0
102399,0
105726,0
120220,0
113952,0
119537,0
116522,0
113503,0
115940,0
108130,0
108394,0
109973,0
109177,0
115781,0
113755,0
113948,0
117031,0
115613,0
103230,0
105457,0
116330,0
114352,0
113310,0
118011,0
100074,0
108823,0
106032,0
115930,0
103977,0
100669,0
110397,0
115534,0
119020,0
109651,0
117620,0
103664,0
110324,0
110987,0
103408,0
112527,0
111238,0
106673,0
105891,0
113117,0
119755,0
107229,0
105595,0
120517,0
113710,0
115140,0
111235,0
109685,0
103101,0
109189,0
106759,0
107616,0
110793,0
119324,0
116799,0
100672,0
108860,0
101496,0
104075,0
109419,0
109531,0
116681,0
109969,0
109328,0
107663,0
117950,0
107594,0
109280,0
114999,0
107988,0
106269,0
117394,0
110006,0
119322,0
120154,0
115703,0
107227,0
118711,0
109283,0
118687,0
104495,0
102236,0
114779,0
101514,0
119507,0
116230,0
107719,0
120370,0
120235,0
103875,0
110873,0
106749,0
120122,0
118819,0
119479,0
108611,0
105921,0
104092,0
115715,0
111621,0
106897,0
112910,0
117115,0
105969,0
101957,0
107026,0
105808,0
116811,0
103662,0
104269,0
116157,0
112840,0
118675,0
118954,0
110750,0
109995,0
114681,0
116858,0
110532,0
110077,0
121020,0
119543,0
120851,0
103509,0
110707,0
104176,0
102883,0
116747,0
102872,0
109363,0
111796,0
119385,0
117045,0
104985,0
112685,0
120420,0
121098,0
113829,0
121292,0
115392,0
114939,0
106964,0
101767,0
109279,0
119679,0
113184,0
102918,0
102000,0
116852,0
103366,0
115202,0
102737,0
108211,0
112052,0
101711,0
114265,0
103734,0
111198,0
112483,0
105347,0
101230,0
101033,0
114492,0
100689,0
113220,0
104463,0
110697,0
116207,0
106465,0
106171,0
120649,0
101833,0
108186,0
113712,0
111790,0
116863,0
104372,0
106725,0
100076,0
103491,0
114886,0
119315,0
119701,0
109867,0
119611,0
118517,0
118300,0
117650,0
101843,0
111213,0
115306,0
112702,0
118781,0
103818,0
102451,0
104954,0
120068,0
120545,0
101014,0
108632,0
113490,0
115742,0
106952,0
100766,0
118386,0
103453,0
119247,0
107221,0
101855,0
112733,0
101472,0
102485,0
101785,0
115803,0
110673,0
120438,0
102163,0
111318,0
105934,0
101673,0
102051,0
108553,0
119634,0
112284,0
116551,0
107710,0
119265,0
105162,0
100647,0
104738,0
105062,0
103895,0
121014,0
102020,0
114533,0
108758,0
101157,0
120535,0
103931,0
110136,0
107331,0
106991,0
109296,0
114541,0
121258,0
103188,0
120106,0
101618,0
100421,0
112504,0
116753,0
103155,0
103729,0
119423,0
113893,0
118973,0
105644,0
108673,0
107983,0
110777,0
108165,0
108911,0
113792,0
101697,0
115291,0
102659,0
116210,0
108554,0
106531,0
117470,0
108089,0
111095,0
114938,0
102693,0
103296,0
106126,0
113579,0
118037,0
111389,0
107724,0
106008,0
100677,0
110543,0
112959,0
112735,0
101029,0
102913,0
115959,0
110496,0
110050,0
119920,0
107841,0
108219,0
117541,0
118969,0
104529,0
100912,0
100507,0
113894,0
110745,0
114187,0
100504,0
111415,0
101262,0
103120,0
112842,0
120439,0
107153,0
114559,0
117320,0
119716,0
112065,0
118352,0
105093,0
119053,0
107912,0
112311,0
103206,0
119374,0
113240,0
112643,0
112375,0
104984,0
105985,0
110643,0
103988,0
101102,0
110735,0
104212,0
115369,0
117638,0
105775,0
113127,0
102939,0
116471,0
109681,0
107918,0
105011,0
113703,0
102109,0
115211,0
100764,0
118161,0
120341,0
108197,0
109371,0
113693,0
103548,0
100438,0
107430,0
118493,0
113737,0
120558,0
113708,0
119235,0
116238,0
116194,0
109331,0
101742,0
113136,0
103304,0
110249,0
106650,0
102904,0
103163,0
105104,0
120522,0
103772,0
104440,0
118432,0
119659,0
120067,0
107947,0
113246,0
115682,0
118847,0
104938,0
114859,0
110721,0
107683,0
113054,0
110154,0
118541,0
101370,0
117719,0
103202,0
119533,0
109119,0
108115,0
114922,0
118906,0
118370,0
101819,0
118763,0
110237,0
115956,0
104709,0
102576,0
101008,0
117947,0
114778,0
102650,0
106226,0
106977,0
113833,0
103297,0
106554,0
111545,0
102624,0
118816,0
108661,0
111122,0
109933,0
117812,0
111011,0
107248,0
115663,0
110632,0
101794,0
107441,0
101559,0
104355,0
111193,0
114296,0
117232,0
102394,0
116662,0
118894,0
108179,0
106560,0
111387,0
113355,0
106155,0
107696,0
116272,0
103922,0
111398,0
104951,0
107389,0
113906,0
107044,0
106388,0
100831,0
106767,0
100304,0
114677,0
119181,0
114262,0
105797,0
114549,0
109302,0
117128,0
101512,0
111407,0
104850,0
115857,0
105567,0
100330,0
116783,0
113604,0
105250,0
119926,0
103934,0
101256,0
114477,0
118964,0
105795,0
104374,0
106763,0
116870,0
113399,0
110329,0
111466,0
101994,0
107317,0
118636,0
119216,0
121220,0
117920,0
118901,0
110043,0
115199,0
102067,0
115599,0
111444,0
110161,0
114148,0
100581,0
106876,0
117258,0
104596,0
111406,0
116745,0
107085,0
109687,0
116417,0
108330,0
107225,0
113098,0
107670,0
119707,0
105130,0
116951,0
118185,0
121538,0
100380,0
114335,0
115699,0
101020,0
115228,0
112493,0
102708,0
109455,0
105548,0
104136,0
110656,0
100372,0
116983,0
101201,0
119309,0
114069,0
115784,0
109127,0
118171,0
107460,0
117254,0
100824,0
117973,0
100417,0
116367,0
112651,0
111524,0
100690,0
106737,0
120848,0
111639,0
113182,0
111287,0
119108,0
103570,0
101039,0
116431,0
109389,0
113212,0
106118,0
102811,0
103001,0
112725,0
107502,0
116049,0
101639,0
109532,0
104234,0
113642,0
101362,0
106528,0
110122,0
117883,0
102419,0
119064,0
107706,0
119552,0
102372,0
114674,0
112294,0
103128,0
103338,0
113734,0
116595,0
102324,0
100817,0
115303,0
117022,0
105630,0
116426,0
109990,0
109320,0
111032,0
117735,0
101659,0
111259,0
101783,0
116435,0
117998,0
101822,0
119660,0
100511,0
107537,0
111577,0
114838,0
117266,0
120077,0
111838,0
110147,0
110448,0
117677,0
111119,0
109378,0
117939,0
102223,0
108991,0
100387,0
116784,0
101832,0
121555,0
115983,0
118696,0
117884,0
118981,0
107139,0
120085,0
104687,0
107643,0
103791,0
114146,0
117073,0
110538,0
118686,0
119973,0
116708,0
119839,0
101461,0
117870,0
107015,0
117508,0
104701,0
100094,0
119561,0
105701,0
100573,0
108012,0
118758,0
108335,0
105187,0
106534,0
120143,0
107591,0
120233,0
114129,0
105539,0
119189,0
115788,0
103663,0
119665,0
113680,0
102465,0
112827,0
111311,0
101844,0
107004,0
119262,0
109739,0
111056,0
109957,0
113336,0
108196,0
101071,0
108195,0
113902,0
120491,0
104864,0
103677,0
114816,0
112072,0
119280,0
109564,0
107118,0
120895,0
104202,0
101980,0
116299,0
109111,0
101734,0
116652,0
100953,0
115912,0
121058,0
106392,0
107324,0
104573,0
121185,0
120031,0
120996,0
113537,0
114580,0
118343,0
114574,0
106111,0
113065,0
104337,0
100129,0
112880,0
105030,0
109731,0
112775,0
113242,0
104797,0
115865,0
108761,0
104236,0
113964,0
109632,0
113937,0
111995,0
110669,0
115220,0
113692,0
103361,0
102212,0
108684,0
104533,0
116252,0
110694,0
109435,0
117501,0
114172,0
116138,0
119183,0
104396,0
108682,0
112683,0
121575,0
106120,0
107496,0
101688,0
102985,0
117472,0
115129,0
110440,0
118836,0
103939,0
110405,0
105451,0
118527,0
113509,0
117488,0
106825,0
115375,0
111903,0
110834,0
103142,0
102513,0
110831,0
112063,0
101281,0
110165,0
102302,0
118451,0
111458,0
116801,0
107881,0
108183,0
102198,0
115050,0
108104,0
114301,0
113628,0
114743,0
106432,0
114704,0
103765,0
109859,0
104435,0
107067,0
103156,0
116136,0
116324,0
108766,0
106926,0
111090,0
116180,0
113190,0
119337,0
104050,0
111066,0
118060,0
106083,0
117427,0
118492,0
105212,0
109397,0
116293,0
103263,0
103310,0
110182,0
111439,0
105923,0
118841,0
108343,0
112411,0
107550,0
100968,0
109815,0
100642,0
110958,0
106516,0
119720,0
102369,0
119776,0
109688,0
116374,0
101714,0
114066,0
105176,0
106807,0
104781,0
103639,0
106633,0
103949,0
121266,0
102436,0
101857,0
103770,0
106108,0
105231,0
114130,0
101365,0
102833,0
103850,0
110763,0
102685,0
116354,0
117773,0
116128,0
101247,0
119147,0
117908,0
120595,0
110719,0
120991,0
105043,0
109165,0
113337,0
111690,0
113850,0
112662,0
121128,0
116184,0
103938,0
110577,0
106291,0
101099,0
114551,0
103323,0
109737,0
108760,0
103721,0
113108,0
101898,0
112898,0
119646,0
116531,0
120978,0
121416,0
108672,0
118265,0
111351,0
115222,0
105470,0
103299,0
108109,0
118239,0
106792,0
102500,0
108962,0
118393,0
100310,0
120441,0
113226,0
103359,0
115798,0
111328,0
106844,0
100787,0
111508,0
108866,0
102807,0
101798,0
106931,0
120241,0
107872,0
105894,0
110192,0
104497,0
119762,0
105420,0
100519,0
102525,0
111901,0
110195,0
101846,0
109484,0
106467,0
101264,0
102208,0
118023,0
103604,0
103196,0
111381,0
102222,0
113262,0
110495,0
100121,0
114641,0
115759,0
119372,0
120891,0
116358,0
104778,0
106453,0
113139,0
113454,0
102081,0
107791,0
116752,0
101328,0
116455,0
110244,0
107238,0
101261,0
114091,0
119487,0
107875,0
115455,0
100666,0
106147,0
116258,0
112385,0
121309,0
102011,0
116013,0
114594,0
107286,0
107717,0
108044,0
101868,0
120824,0
109261,0
120458,0
113899,0
100738,0
103794,0
104247,0
119005,0
111760,0
103848,0
108368,0
103088,0
104197,0
104003,0
120942,0
115246,0
100576,0
110266,0
118139,0
112659,0
116974,0
105501,0
101874,0
114964,0
101089,0
110720,0
106007,0
106636,0
101064,0
100942,0
101920,0
102823,0
107967,0
113462,0
101435,0
106647,0
116615,0
113152,0
113917,0
120912,0
113903,0
104085,0
104597,0
116860,0
106697,0
115631,0
120615,0
100708,0
109839,0
103387,0
119894,0
118708,0
101952,0
115023,0
100667,0
121100,0
108576,0
121168,0
101204,0
113895,0
104922,0
109325,0
111239,0
117088,0
118552,0
120094,0
115925,0
116302,0
108842,0
110830,0
113232,0
103751,0
119513,0
115963,0
103726,0
106466,0
111471,0
112056,0
111985,0
108548,0
113623,0
107901,0
103594,0
106766,0
114125,0
101297,0
110804,0
117695,0
108604,0
112783,0
110596,0
118298,0
118177,0
105438,0
102852,0
110392,0
106335,0
102843,0
115722,0
102840,0
120288,0
104157,0
121446,0
111680,0
107533,0
106184,0
116757,0
115119,0
110042,0
116828,0
119339,0
102998,0
100275,0
100491,0
107321,0
101456,0
113333,0
118965,0
117583,0
119025,0
115005,0
109300,0
107735,0
108818,0
103947,0
103849,0
116162,0
110530,0
106452,0
109453,0
110139,0
105280,0
117126,0
102766,0
115604,0
112885,0
118435,0
101814,0
103963,0
100067,0
112295,0
101862,0
115965,0
112058,0
118768,0
104662,0
119948,0
105459,0
111230,0
100490,0
120706,0
109645,0
104071,0
108521,0
110298,0
115783,0
102704,0
106618,0
119008,0
109428,0
109446,0
116703,0
101970,0
120913,0
118751,0
111329,0
119768,0
110078,0
109587,0
111144,0
104992,0
113787,0
100615,0
113306,0
120217,0
115592,0
108529,0
105245,0
116148,0
107563,0
112663,0
109327,0
120191,0
108031,0
104826,0
110135,0
112884,0
121072,0
120135,0
120283,0
106036,0
112407,0
101368,0
117075,0
104200,0
116694,0
112599,0
102630,0
106579,0
117925,0
105154,0
111761,0
106224,0
104455,0
114388,0
103946,0
105929,0
116649,0
119326,0
114757,0
100782,0
118684,0
103283,0
109253,0
104911,0
105536,0
121149,0
102319,0
121256,0
117776,0
115264,0
111098,0
117071,0
109611,0
107298,0
118646,0
101801,0
120317,0
106955,0
112179,0
110203,0
102102,0
107864,0
108492,0
118896,0
105503,0
121239,0
108753,0
104526,0
107307,0
109096,0
109284,0
111550,0
119229,0
102310,0
102206,0
113562,0
102400,0
109543,0
119870,0
106146,0
106505,0
100389,0
112070,0
111547,0
100080,0
116279,0
119697,0
117363,0
115743,0
117202,0
104284,0
105134,0
105090,0
118580,0
114824,0
120552,0
117694,0
116337,0
108854,0
111655,0
110878,0
112582,0
110984,0
107541,0
117348,0
101484,0
120280,0
113684,0
101308,0
115214,0
116039,0
103135,0
103584,0
101779,0
117988,0
107403,0
102917,0
112161,0
111663,0
115424,0
119320,0
102328,0
103842,0
111076,0
103796,0
108305,0
107888,0
114538,0
104693,0
115709,0
111716,0
103126,0
111376,0
105034,0
107080,0
109251,0
106724,0
105916,0
103208,0
112446,0
101763,0
118013,0
100095,0
115032,0
103057,0
114560,0
104808,0
116991,0
116284,0
109623,0
103859,0
121541,0
115995,0
106010,0
113393,0
113278,0
112123,0
110587,0
114404,0
114093,0
121146,0
103540,0
121576,0
110439,0
113924,0
108531,0
107879,0
107817,0
109774,0
116979,0
112337,0
113022,0
100560,0
106719,0
108705,0
105155,0
119753,0
119473,0
103933,0
104250,0
103600,0
121278,0
103678,0
120044,0
107693,0
104368,0
106927,0
105483,0
103627,0
109443,0
107252,0
106584,0
112298,0
115408,0
106427,0
109843,0
117671,0
110688,0
118830,0
110573,0
110174,0
113799,0
113731,0
113437,0
119251,0
107135,0
116935,0
116212,0
119380,0
108703,0
115739,0
117688,0
101031,0
105398,0
105980,0
115999,0
119459,0
118776,0
120593,0
111994,0
117100,0
111573,0
120105,0
112436,0
113609,0
110774,0
112500,0
120733,0
104243,0
113830,0
120538,0
102087,0
109592,0
115971,0
117421,0
103218,0
115417,0
113324,0
110081,0
109471,0
106352,0
117420,0
119795,0
116829,0
115117,0
101739,0
105574,0
104427,0
118616,0
117189,0
109384,0
106524,0
117960,0
118766,0
120742,0
100717,0
100488,0
107609,0
121088,0
108732,0
108836,0
103952,0
101120,0
112462,0
100851,0
112034,0
121127,0
117518,0
109114,0
110327,0
117635,0
113898,0
111772,0
111907,0
105166,0
120945,0
113486,0
102836,0
109980,0
100373,0
115801,0
103888,0
119945,0
100410,0
113756,0
111898,0
108874,0
106436,0
106601,0
110876,0
120073,0
109770,0
100020,0
110526,0
114524,0
112876,0
117655,0
103936,0
103037,0
103839,0
103109,0
115953,0
119967,0
103279,0
102462,0
112300,0
100751,0
120811,0
119097,0
110524,0
117714,0
114284,0
102047,0
101900,0
106458,0
116313,0
106130,0
112537,0
112039,0
114181,0
111483,0
118801,0
112249,0
120290,0
119484,0
111002,0
107469,0
108647,0
107366,0
103885,0
115630,0
105463,0
115850,0
117734,0
108208,0
119666,0
108781,0
101404,0
116896,0
111868,0
115141,0
116007,0
110972,0
121310,0
101575,0
102585,0
113667,0
119163,0
101101,0
105865,0
114401,0
112796,0
119412,0
103827,0
108223,0
117586,0
107244,0
120345,0
112050,0
121378,0
118005,0
119882,0
121115,0
112701,0
103737,0
105217,0
115310,0
104373,0
118315,0
107437,0
116164,0
108590,0
109910,0
115395,0
101252,0
111724,0
101905,0
116489,0
119724,0
114050,0
120713,0
119135,0
100889,0
114424,0
105745,0
113416,0
121356,0
116819,0
103390,0
106967,0
116742,0
112934,0
103428,0
111244,0
105759,0
109912,0
107523,0
112888,0
120423,0
111401,0
119593,0
109304,0
102174,0
109426,0
109134,0
116854,0
115279,0
103975,0
108362,0
115397,0
101611,0
100900,0
116824,0
101524,0
115692,0
120778,0
107725,0
119904,0
120310,0
112305,0
116877,0
109930,0
105981,0
115656,0
103712,0
110976,0
114373,0
101431,0
115137,0
105395,0
112520,0
106384,0
108621,0
119340,0
113476,0
108729,0
108601,0
100649,0
118642,0
115213,0
102505,0
116666,0
116804,0
116247,0
101570,0
110268,0
105126,0
113511,0
118734,0
117772,0
108366,0
112829,0
114405,0
106075,0
113650,0
111775,0
118007,0
102600,0
102941,0
120156,0
118332,0
106191,0
107941,0
105805,0
111280,0
105994,0
115125,0
120182,0
101224,0
108534,0
110377,0
115093,0
102695,0
120478,0
111190,0
116821,0
113107,0
113144,0
119078,0
109146,0
115076,0
113982,0
103865,0
114972,0
108743,0
117336,0
115734,0
115515,0
103732,0
112400,0
106492,0
114508,0
106752,0
103229,0
113528,0
104031,0
101145,0
100644,0
114059,0
111291,0
109018,0
101433,0
114529,0
109748,0
100014,0
121530,0
111947,0
115324,0
101374,0
120382,0
117859,0
112570,0
108528,0
111117,0
105580,0
101727,0
115099,0
111048,0
104174,0
117337,0
102980,0
110093,0
111630,0
111205,0
107205,0
117349,0
111815,0
108383,0
114134,0
116558,0
111935,0
114775,0
107481,0
102762,0
107024,0
114682,0
100224,0
109916,0
106756,0
120428,0
102561,0
119553,0
101804,0
119834,0
108824,0
108139,0
118786,0
107029,0
113422,0
112396,0
108229,0
106393,0
111511,0
102839,0
111007,0
116101,0
117915,0
120388,0
118438,0
104008,0
102311,0
113590,0
107017,0
115796,0
114133,0
101880,0
105679,0
114539,0
120361,0
108051,0
107690,0
100832,0
118780,0
107093,0
112244,0
112815,0
109319,0
109496,0
102382,0
104710,0
102312,0
118277,0
112349,0
114295,0
112977,0
121093,0
101622,0
114821,0
100638,0
110330,0
121202,0
104940,0
104949,0
104423,0
107344,0
105406,0
115533,0
121110,0
105957,0
102257,0
112706,0
107623,0
114662,0
117703,0
105553,0
116593,0
109982,0
113311,0
116875,0
109680,0
108423,0
105054,0
107099,0
100078,0
100344,0
105517,0
107246,0
100267,0
109365,0
105886,0
112181,0
118214,0
111484,0
102884,0
117245,0
111656,0
120444,0
118231,0
112107,0
118036,0
105334,0
111371,0
120922,0
117201,0
113284,0
101963,0
120771,0
103565,0
119779,0
110286,0
103256,0
104874,0
104649,0
104970,0
119375,0
108364,0
102658,0
112204,0
101973,0
114212,0
114568,0
100345,0
110870,0
112972,0
107614,0
111359,0
102814,0
118269,0
101103,0
115740,0
117151,0
112497,0
111626,0
120567,0
121056,0
105481,0
116084,0
120037,0
106687,0
102968,0
114189,0
110232,0
110417,0
104400,0
120261,0
110248,0
118999,0
111340,0
118605,0
105945,0
105830,0
108438,0
101736,0
120494,0
114639,0
112450,0
120728,0
113784,0
104986,0
107332,0
105786,0
105861,0
108796,0
102730,0
120861,0
121271,0
116921,0
113965,0
100997,0
111714,0
114374,0
109772,0
104365,0
111152,0
117440,0
109238,0
101210,0
114900,0
100378,0
100003,0
113040,0
102022,0
119979,0
118538,0
120325,0
111829,0
103522,0
105565,0
116933,0
106142,0
116586,0
107195,0
109846,0
103459,0
118127,0
109353,0
104894,0
120514,0
109422,0
102096,0
111804,0
120529,0
107277,0
108619,0
120968,0
120356,0
102641,0
112667,0
119478,0
105909,0
100233,0
108411,0
103000,0
120029,0
111284,0
105829,0
120206,0
112917,0
117019,0
114413,0
100258,0
120508,0
115048,0
105702,0
108050,0
121140,0
107081,0
115210,0
100776,0
112191,0
111776,0
119112,0
106783,0
119354,0
118861,0
115800,0
115665,0
101253,0
106400,0
112849,0
102146,0
121511,0
105723,0
110939,0
111350,0
119700,0
120576,0
106832,0
104641,0
115811,0
114947,0
108144,0
119272,0
110257,0
103400,0
116759,0
118876,0
119556,0
110460,0
112390,0
116890,0
115144,0
108785,0
121079,0
116042,0
110240,0
101383,0
104886,0
104281,0
114286,0
120140,0
110296,0
110851,0
106558,0
110964,0
108889,0
117705,0
102710,0
109551,0
112363,0
101749,0
104510,0
100987,0
115655,0
108974,0
120971,0
112577,0
117082,0
107809,0
101380,0
101990,0
104919,0
101648,0
100034,0
116671,0
107096,0
108536,0
103162,0
101584,0
103701,0
100750,0
111809,0
119462,0
114867,0
118634,0
110519,0
118936,0
110585,0
120840,0
117180,0
114397,0
104416,0
113817,0
119649,0
102743,0
107815,0
112051,0
109762,0
103054,0
111540,0
113891,0
107188,0
116700,0
106168,0
105873,0
112358,0
103652,0
102177,0
106976,0
111615,0
115861,0
117402,0
117982,0
108381,0
120359,0
112931,0
106082,0
118280,0
108293,0
117036,0
103840,0
103378,0
106709,0
103140,0
107095,0
106450,0
120510,0
110626,0
117422,0
104543,0
112525,0
119572,0
112870,0
100742,0
101738,0
108304,0
110345,0
112277,0
115271,0
117429,0
114772,0
111221,0
109010,0
120916,0
111269,0
109175,0
114505,0
111609,0
104521,0
114978,0
121540,0
109684,0
116837,0
119899,0
107769,0
119875,0
104074,0
118408,0
106312,0
103499,0
111619,0
119651,0
102867,0
104063,0
111301,0
101490,0
108190,0
112426,0
112255,0
112003,0
120452,0
102461,0
119682,0
100043,0
111602,0
118724,0
113168,0
112805,0
112220,0
109155,0
109291,0
102024,0
111330,0
115314,0
113163,0
116667,0
112591,0
107338,0
106456,0
106957,0
112316,0
111263,0
106356,0
110053,0
105005,0
104299,0
104675,0
114750,0
103275,0
119311,0
105285,0
113638,0
115556,0
119430,0
117747,0
109768,0
112765,0
116239,0
100018,0
109206,0
118121,0
113886,0
108851,0
106462,0
116011,0
121432,0
117163,0
104971,0
114854,0
108358,0
107303,0
102987,0
110074,0
118963,0
114976,0
107432,0
108645,0
104411,0
102820,0
114684,0
108814,0
107312,0
107555,0
108498,0
111603,0
116112,0
104011,0
113959,0
116341,0
118143,0
101946,0
112441,0
118268,0
109338,0
110020,0
110808,0
120506,0
121081,0
100315,0
105749,0
110217,0
109783,0
117828,0
119361,0
109192,0
102738,0
114447,0
104121,0
105627,0
107030,0
111895,0
104699,0
101521,0
107025,0
109961,0
118618,0
115388,0
108499,0
105198,0
105622,0
115113,0
112498,0
107354,0
108267,0
112907,0
108331,0
100408,0
104769,0
117178,0
106521,0
113360,0
104029,0
104993,0
104865,0
108199,0
102966,0
113622,0
117681,0
107090,0
118412,0
108157,0
105238,0
110215,0
105169,0
105335,0
115816,0
106810,0
104020,0
110214,0
106665,0
105999,0
118685,0
113466,0
101116,0
121304,0
110771,0
112992,0
111578,0
102070,0
101824,0
110748,0
109575,0
118693,0
120279,0
102981,0
105085,0
111472,0
107786,0
111111,0
102452,0
112924,0
112645,0
109571,0
118365,0
120185,0
108679,0
106648,0
119526,0
112442,0
120789,0
118997,0
115089,0
116959,0
100191,0
113836,0
120989,0
115539,0
105056,0
111858,0
104297,0
106009,0
120214,0
104880,0
108154,0
104821,0
119495,0
105562,0
118429,0
105653,0
111421,0
107727,0
116813,0
119080,0
112131,0
115500,0
101875,0
110432,0
107639,0
115657,0
116447,0
116412,0
117639,0
107159,0
119194,0
107472,0
120009,0
118170,0
118198,0
100208,0
113078,0
108359,0
108895,0
117131,0
119993,0
111414,0
121409,0
111546,0
110066,0
114315,0
107745,0
104246,0
115747,0
106102,0
103264,0
120819,0
104904,0
110817,0
104935,0
106000,0
109392,0
107216,0
103282,0
102458,0
101836,0
113853,0
107330,0
110027,0
107031,0
102862,0
115405,0
113544,0
119873,0
115979,0
112534,0
108915,0
118798,0
106340,0
116883,0
112019,0
110620,0
115457,0
110754,0
112254,0
100487,0
120230,0
106127,0
107032,0
115157,0
120066,0
120151,0
107716,0
118673,0
103068,0
115696,0
113046,0
106612,0
112348,0
121475,0
100204,0
109963,0
120831,0
102574,0
108980,0
108168,0
114846,0
111018,0
102378,0
108663,0
107498,0
112286,0
120406,0
104390,0
103474,0
112026,0
103246,0
116360,0
112202,0
101219,0
119150,0
105590,0
117226,0
108942,0
111889,0
101464,0
119240,0
113167,0
112791,0
119065,0
120643,0
120863,0
104108,0
120927,0
118275,0
108526,0
102512,0
119299,0
103857,0
104927,0
105388,0
118307,0
105341,0
117811,0
119421,0
116250,0
105466,0
110204,0
120272,0
114452,0
110437,0
115031,0
108053,0
109585,0
113493,0
109771,0
115992,0
113392,0
100798,0
106245,0
102285,0
114620,0
100409,0
103853,0
101631,0
113086,0
105941,0
110054,0
121214,0
107737,0
121483,0
104727,0
105061,0
116937,0
101531,0
116648,0
113003,0
109792,0
106630,0
102297,0
118568,0
111789,0
106619,0
102849,0
116591,0
117590,0
100236,0
117752,0
101792,0
112955,0
116268,0
117114,0
101813,0
115135,0
101223,0
113778,0
103740,0
119825,0
120990,0
115363,0
108076,0
103487,0
109784,0
106775,0
107222,0
112724,0
107211,0
104841,0
109180,0
120250,0
106240,0
110226,0
102713,0
101633,0
106626,0
112128,0
111033,0
109752,0
115132,0
105254,0
110079,0
120405,0
112581,0
106918,0
117135,0
105968,0
101238,0
116004,0
117767,0
102095,0
102560,0
120703,0
108935,0
115390,0
108897,0
118261,0
105039,0
108404,0
104198,0
105380,0
120573,0
105227,0
100559,0
104395,0
104058,0
111743,0
116275,0
119296,0
103318,0
103907,0
120314,0
100004,0
101164,0
107838,0
107842,0
115577,0
107484,0
101606,0
110396,0
117520,0
112455,0
108416,0
120635,0
111548,0
115238,0
105572,0
119422,0
116309,0
116134,0
109599,0
110263,0
120164,0
120736,0
103496,0
119766,0
114601,0
118189,0
113173,0
106637,0
119007,0
117894,0
107738,0
115302,0
114356,0
111520,0
105946,0
119305,0
112933,0
106242,0
108297,0
103486,0
117663,0
110499,0
109308,0
102227,0
100434,0
102278,0
115062,0
118810,0
112350,0
100161,0
106614,0
107576,0
118411,0
119962,0
106476,0
101200,0
100691,0
111642,0
106751,0
113941,0
121159,0
105854,0
100185,0
118194,0
117453,0
105971,0
104338,0
106153,0
111385,0
119196,0
114224,0
104624,0
104219,0
118510,0
101346,0
108810,0
113444,0
118203,0
118700,0
119811,0
116316,0
116817,0
117452,0
108164,0
114473,0
105148,0
107392,0
106277,0
110378,0
119359,0
112873,0
116971,0
121188,0
103006,0
116267,0
102192,0
121512,0
115373,0
109718,0
113206,0
115491,0
105611,0
101937,0
100931,0
112135,0
114774,0
102276,0
119959,0
104048,0
112138,0
110760,0
116636,0
111818,0
115108,0
118305,0
104688,0
110474,0
106895,0
100320,0
101499,0
117008,0
119932,0
120273,0
109269,0
121055,0
117512,0
116099,0
115532,0
120436,0
115490,0
109960,0
102050,0
108822,0
103538,0
116622,0
108094,0
102294,0
118672,0
119227,0
108923,0
120389,0
112312,0
119425,0
102707,0
111463,0
116611,0
113091,0
100532,0
105053,0
107833,0
120416,0
118597,0
102318,0
121316,0
116449,0
113408,0
109619,0
110682,0
102259,0
115280,0
114818,0
119175,0
102148,0
113823,0
106438,0
104609,0
115676,0
106092,0
112268,0
114318,0
100266,0
109818,0
113813,0
111887,0
102089,0
105261,0
112088,0
114952,0
118887,0
105338,0
112314,0
105421,0
105776,0
102723,0
101193,0
116892,0
120906,0
110090,0
115085,0
112511,0
105755,0
102467,0
110994,0
104184,0
101553,0
118000,0
106368,0
108174,0
113749,0
109644,0
100428,0
110352,0
102842,0
118573,0
120910,0
113918,0
111623,0
103915,0
104863,0
105004,0
115243,0
118355,0
121396,0
112556,0
100009,0
102739,0
116462,0
107193,0
111392,0
113998,0
104991,0
107629,0
110608,0
111920,0
119570,0
107046,0
117321,0
108184,0
111154,0
115122,0
118532,0
121335,0
100842,0
104143,0
112449,0
116059,0
106557,0
100464,0
118358,0
112230,0
102213,0
121369,0
119585,0
113357,0
101837,0
108245,0
107909,0
105735,0
106156,0
118106,0
108451,0
109996,0
111410,0
118942,0
118897,0
107418,0
107196,0
107846,0
119990,0
108940,0
111659,0
109481,0
114519,0
102830,0
105493,0
108474,0
103999,0
102634,0
112961,0
102078,0
117975,0
104802,0
112010,0
108687,0
111138,0
114041,0
105396,0
110990,0
101194,0
117194,0
113512,0
114027,0
111245,0
103744,0
103360,0
103632,0
110364,0
101425,0
102674,0
121500,0
104393,0
117693,0
116958,0
106257,0
114905,0
100251,0
109922,0
111629,0
119796,0
107753,0
102596,0
112101,0
108721,0
111246,0
121264,0
101558,0
100198,0
110842,0
100949,0
118664,0
118691,0
113722,0
104518,0
116056,0
100856,0
114512,0
116082,0
117949,0
104656,0
102060,0
117164,0
114548,0
100026,0
109169,0
116375,0
104033,0
105693,0
101591,0
115573,0
108581,0
103023,0
110815,0
119365,0
121548,0
110814,0
104335,0
109348,0
107240,0
119289,0
109285,0
117083,0
102829,0
117287,0
117095,0
111589,0
106787,0
120363,0
103201,0
115427,0
108239,0
117051,0
101652,0
108048,0
101354,0
101052,0
112738,0
105704,0
118501,0
113313,0
108986,0
119846,0
100360,0
117235,0
114806,0
109566,0
106856,0
102327,0
101317,0
111141,0
117401,0
102813,0
103273,0
105474,0
116718,0
101239,0
110434,0
106978,0
118612,0
117907,0
115216,0
117014,0
101915,0
112166,0
117798,0
100582,0
116577,0
116594,0
100475,0
101220,0
105312,0
102797,0
111096,0
117844,0
107840,0
107111,0
108890,0
119629,0
113261,0
121268,0
107448,0
104833,0
120351,0
118016,0
114358,0
108579,0
105983,0
106512,0
109827,0
100182,0
114894,0
109224,0
100580,0
114789,0
113987,0
103631,0
113234,0
119210,0
120380,0
102229,0
112435,0
111252,0
111828,0
100892,0
101935,0
112549,0
100119,0
112271,0
120726,0
110420,0
103929,0
121484,0
114114,0
104581,0
112555,0
114355,0
108003,0
109295,0
111237,0
116690,0
109135,0
102305,0
103271,0
121106,0
113936,0
118290,0
112398,0
120744,0
114140,0
110047,0
112173,0
102268,0
114173,0
101050,0
106344,0
104047,0
110772,0
106360,0
103718,0
104148,0
104562,0
119100,0
114842,0
100577,0
102168,0
111722,0
108859,0
107476,0
113997,0
119616,0
106091,0
105215,0
105918,0
100391,0
114276,0
119983,0
119472,0
105480,0
104920,0
101447,0
113066,0
111529,0
113224,0
104242,0
104177,0
110409,0
103321,0
101265,0
114266,0
101185,0
114484,0
116533,0
120714,0
117852,0
119187,0
113595,0
103410,0
107869,0
114773,0
102181,0
103168,0
121207,0
115936,0
120738,0
101574,0
116746,0
118333,0
105351,0
115552,0
100461,0
109517,0
115104,0
102422,0
113225,0
105592,0
102402,0
120918,0
116473,0
102654,0
107117,0
112666,0
109722,0
114414,0
116758,0
108300,0
120149,0
106757,0
113740,0
107856,0
115378,0
116076,0
113294,0
102772,0
107368,0
119668,0
116442,0
104640,0
106576,0
119566,0
105674,0
114928,0
104770,0
115774,0
107233,0
107923,0
103804,0
117042,0
112825,0
103012,0
113280,0
121195,0
117169,0
111140,0
116069,0
100352,0
114218,0
101128,0
118884,0
116018,0
107699,0
100403,0
119896,0
117335,0
120536,0
107718,0
102180,0
109675,0
120026,0
112443,0
119982,0
115312,0
110471,0
105352,0
100296,0
121605,0
107562,0
112748,0
115160,0
100044,0
117782,0
100945,0
111503,0
112548,0
110190,0
116215,0
110388,0
111491,0
100544,0
101948,0
117040,0
100439,0
119396,0
100780,0
104621,0
108638,0
104488,0
110592,0
115909,0
119540,0
102956,0
105329,0
102143,0
117933,0
117465,0
121399,0
114870,0
107618,0
104070,0
111204,0
110603,0
114101,0
103437,0
101263,0
105310,0
108747,0
109667,0
108888,0
100036,0
104328,0
110245,0
106202,0
102595,0
116840,0
103655,0
102093,0
114005,0
107701,0
112866,0
120619,0
101187,0
114120,0
108114,0
109027,0
115487,0
105911,0
120729,0
110035,0
120695,0
109110,0
101186,0
111853,0
108704,0
107169,0
109250,0
112414,0
106391,0
119202,0
106376,0
120243,0
117814,0
109041,0
109812,0
106970,0
116273,0
107357,0
108065,0
100153,0
103667,0
116876,0
118362,0
115466,0
105419,0
101998,0
110261,0
115082,0
113904,0
118080,0
102657,0
114547,0
117468,0
102071,0
111053,0
103059,0
112966,0
101718,0
111155,0
101890,0
110927,0
115471,0
108545,0
112134,0
106473,0
101705,0
116219,0
102800,0
110501,0
111992,0
106280,0
105359,0
116046,0
121478,0
117558,0
106046,0
108982,0
108921,0
114343,0
104444,0
114563,0
104905,0
113880,0
121123,0
109170,0
117523,0
117300,0
102218,0
119794,0
112516,0
100431,0
100165,0
105207,0
116031,0
120948,0
113330,0
117831,0
115110,0
109663,0
111666,0
101174,0
101214,0
106691,0
107569,0
113442,0
107617,0
113170,0
119847,0
119450,0
104757,0
115431,0
116483,0
112242,0
105615,0
113009,0
121372,0
100684,0
105779,0
113008,0
104625,0
118281,0
103636,0
120464,0
102999,0
109956,0
112007,0
112795,0
117912,0
118291,0
106076,0
113912,0
102147,0
118880,0
100247,0
100430,0
101568,0
120753,0
101684,0
114234,0
110540,0
103029,0
114646,0
107929,0
107115,0
115560,0
116815,0
104156,0
113295,0
100264,0
102653,0
111599,0
106487,0
115165,0
120661,0
112661,0
110354,0
107544,0
119138,0
101562,0
119594,0
113925,0
101418,0
112060,0
120675,0
104586,0
104097,0
114708,0
114660,0
112571,0
116910,0
100721,0
109952,0
104630,0
111390,0
110368,0
117733,0
108798,0
100082,0
120061,0
118956,0
108595,0
117039,0
105728,0
103446,0
106498,0
107232,0
115275,0
106972,0
100356,0
108587,0
113615,0
113730,0
100678,0
120646,0
113504,0
116016,0
107310,0
111441,0
110423,0
117403,0
120431,0
115340,0
111379,0
116904,0
102471,0
108068,0
117340,0
108307,0
113666,0
109336,0
117951,0
103212,0
105676,0
112241,0
114453,0
102380,0
107405,0
104064,0
113966,0
109375,0
115445,0
104295,0
111957,0
100793,0
109626,0
108353,0
102188,0
114150,0
119790,0
117835,0
118453,0
121041,0
114067,0
119792,0
106300,0
108377,0
104286,0
120107,0
108582,0
101434,0
114194,0
121536,0
105881,0
108315,0
101703,0
121228,0
111435,0
118718,0
109381,0
105139,0
114896,0
104314,0
104723,0
110243,0
119171,0
119987,0
121581,0
105657,0
118443,0
118212,0
105305,0
115101,0
100524,0
113417,0
116028,0
110835,0
108831,0
112089,0
104635,0
111825,0
107852,0
102377,0
104735,0
109828,0
112297,0
112613,0
114521,0
115883,0
104380,0
110724,0
115204,0
117223,0
110820,0
121039,0
117547,0
107009,0
103733,0
116623,0
103635,0
121414,0
116537,0
114398,0
110954,0
108007,0
107112,0
105737,0
111727,0
118175,0
110346,0
100112,0
107378,0
100835,0
115617,0
104817,0
119446,0
107976,0
116036,0
110172,0
116997,0
120430,0
115434,0
109672,0
111295,0
106864,0
104169,0
103745,0
101845,0
110680,0
110385,0
104794,0
100229,0
102356,0
113766,0
116949,0
113385,0
109164,0
107744,0
100270,0
117166,0
121044,0
112412,0
102477,0
112108,0
104426,0
111413,0
111337,0
102220,0
106670,0
111260,0
108976,0
108670,0
110486,0
113026,0
110041,0
108774,0
118405,0
104100,0
111278,0
115237,0
115044,0
120766,0
113097,0
109597,0
105535,0
119208,0
103707,0
112364,0
103878,0
108107,0
121311,0
119244,0
112585,0
110171,0
111065,0
119335,0
101918,0
117145,0
107671,0
118322,0
101227,0
119712,0
121246,0
107722,0
106535,0
100317,0
112531,0
109775,0
116424,0
114032,0
102272,0
119925,0
100646,0
108113,0
107798,0
114422,0
109341,0
114526,0
115562,0
100746,0
110281,0
111778,0
104498,0
107848,0
110155,0
101076,0
112419,0
103586,0
104506,0
101928,0
101748,0
113970,0
110017,0
104953,0
111572,0
111688,0
105277,0
100754,0
103376,0
118090,0
106116,0
106084,0
103943,0
101416,0
116182,0
111364,0
116204,0
116372,0
114014,0
116200,0
106428,0
113747,0
112818,0
117121,0
116114,0
102249,0
106394,0
117779,0
113800,0
119806,0
115383,0
111870,0
106327,0
112853,0
119592,0
110995,0
108444,0
102850,0
109553,0
108877,0
120767,0
119995,0
114165,0
112939,0
111797,0
109108,0
105255,0
104486,0
114334,0
100442,0
113527,0
119260,0
121070,0
110723,0
116434,0
120212,0
106330,0
118133,0
107572,0
106817,0
103615,0
115969,0
106074,0
100154,0
100877,0
116704,0
117723,0
115530,0
118689,0
106983,0
103429,0
104646,0
106411,0
102816,0
118258,0
111175,0
101971,0
103611,0
108939,0
107776,0
112530,0
111700,0
100763,0
103528,0
112075,0
114503,0
111227,0
115555,0
103535,0
120855,0
106561,0
103660,0
116965,0
108765,0
110344,0
120985,0
115996,0
111308,0
118828,0
110061,0
110080,0
110867,0
111991,0
106875,0
108248,0
105436,0
102914,0
104154,0
110839,0
117247,0
117527,0
112619,0
119120,0
115437,0
101681,0
109934,0
112502,0
115172,0
102292,0
120346,0
110060,0
107182,0
111129,0
111026,0
121340,0
117966,0
114747,0
108871,0
118582,0
107350,0
107713,0
106270,0
121199,0
117754,0
110309,0
108088,0
100169,0
100872,0
120560,0
100789,0
117436,0
110285,0
103180,0
106017,0
119780,0
114124,0
121521,0
108308,0
108480,0
120821,0
102098,0
115924,0
113827,0
111697,0
112611,0
102170,0
105606,0
105655,0
109539,0
105008,0
108861,0
102158,0
102745,0
106004,0
113771,0
108518,0
102315,0
112409,0
118144,0
113677,0
113848,0
117428,0
109085,0
109221,0
104897,0
102244,0
113455,0
103579,0
104384,0
110194,0
115004,0
121156,0
112575,0
111118,0
118994,0
111384,0
102703,0
100195,0
114141,0
118715,0
106198,0
108896,0
106480,0
115066,0
115317,0
100804,0
113352,0
101268,0
104515,0
118600,0
120453,0
106241,0
104875,0
106341,0
119432,0
105897,0
110533,0
114809,0
100023,0
116003,0
109568,0
107384,0
106500,0
112190,0
105966,0
111653,0
118746,0
109132,0
120419,0
102059,0
106551,0
110408,0
100720,0
105192,0
116798,0
112345,0
110966,0
105431,0
118047,0
113149,0
120301,0
111890,0
110978,0
116232,0
105725,0
117220,0
114851,0
119519,0
112129,0
112741,0
105603,0
109214,0
116789,0
108467,0
109176,0
121180,0
111635,0
116304,0
112097,0
105570,0
106160,0
109781,0
102267,0
120692,0
101522,0
101815,0
118858,0
120734,0
111567,0
110969,0
100749,0
103016,0
106858,0
110339,0
102628,0
105232,0
104421,0
111900,0
103990,0
120000,0
105616,0
119791,0
104102,0
114252,0
102344,0
108203,0
117780,0
119583,0
112383,0
109417,0
121237,0
108481,0
113446,0
114350,0
101501,0
110877,0
106506,0
103050,0
121302,0
108535,0
105730,0
117384,0
105541,0
101171,0
109944,0
112257,0
105364,0
118311,0
118652,0
109802,0
106712,0
112657,0
104054,0
114936,0
114535,0
105709,0
110156,0
106527,0
106796,0
109997,0
111210,0
116731,0
104438,0
102643,0
118153,0
109055,0
120320,0
109240,0
106434,0
106974,0
101964,0
109899,0
106610,0
105390,0
101457,0
100485,0
104220,0
106062,0
108562,0
121153,0
101893,0
105020,0
110624,0
104095,0
115812,0
106421,0
105502,0
114732,0
105253,0
101708,0
116416,0
100302,0
114170,0
118519,0
103145,0
101630,0
115902,0
105652,0
110581,0
114274,0
113551,0
105304,0
114967,0
112916,0
116603,0
101148,0
114946,0
119029,0
112981,0
112041,0
100706,0
119823,0
114138,0
114337,0
109736,0
117272,0
112612,0
100401,0
101669,0
117989,0
100966,0
117408,0
105712,0
120852,0
108173,0
111039,0
121259,0
107917,0
115290,0
115075,0
100219,0
112758,0
106874,0
100436,0
109097,0
109576,0
119958,0
103629,0
120193,0
105628,0
101765,0
102933,0
120401,0
109547,0
105750,0
102792,0
101818,0
117737,0
108567,0
114073,0
105204,0
117601,0
102531,0
103166,0
106522,0
114968,0
101629,0
105660,0
119230,0
110254,0
118553,0
102307,0
105621,0
118478,0
117043,0
103444,0
118286,0
121408,0
114673,0
109301,0
120687,0
112112,0
106699,0
115411,0
102317,0
100453,0
108570,0
105877,0
112503,0
112361,0
120823,0
120108,0
100515,0
103709,0
108361,0
119433,0
100306,0
105806,0
118989,0
114092,0
102579,0
118594,0
100125,0
105180,0
104419,0
114158,0
112501,0
102712,0
119131,0
109459,0
118874,0
120987,0
107305,0
117270,0
106258,0
119874,0
101414,0
120539,0
107198,0
115136,0
101271,0
107083,0
108391,0
108648,0
114322,0
102183,0
110751,0
101159,0
107415,0
108482,0
105564,0
121089,0
118506,0
118323,0
105246,0
102915,0
106714,0
103018,0
120885,0
107851,0
100333,0
102379,0
108929,0
116567,0
109798,0
101719,0
118254,0
115662,0
117156,0
103746,0
113471,0
113614,0
118574,0
117289,0
110275,0
104867,0
112958,0
106836,0
114613,0
107961,0
102540,0
104316,0
116078,0
106154,0
111314,0
119628,0
103416,0
107036,0
103465,0
103034,0
120881,0
117368,0
107462,0
118889,0
118569,0
114196,0
116158,0
119615,0
100426,0
107256,0
117758,0
120259,0
108837,0
116676,0
100001,0
114823,0
113980,0
115654,0
114302,0
108644,0
108608,0
111990,0
120590,0
106273,0
110617,0
119765,0
115173,0
105121,0
121469,0
118340,0
117471,0
106201,0
119809,0
110575,0
109904,0
113679,0
107556,0
103923,0
103837,0
108226,0
103244,0
110318,0
100540,0
102960,0
120866,0
119510,0
121307,0
100404,0
113265,0
113706,0
108680,0
108468,0
108263,0
117023,0
111437,0
115920,0
107412,0
121323,0
116464,0
112515,0
104253,0
117962,0
100878,0
109584,0
116130,0
116074,0
120931,0
101493,0
107087,0
112301,0
116491,0
120003,0
108985,0
105425,0
121063,0
118855,0
117718,0
119589,0
101769,0
108970,0
104442,0
106708,0
114184,0
106113,0
104221,0
108722,0
107172,0
102744,0
119397,0
113832,0
117959,0
108187,0
101184,0
119803,0
108989,0
112106,0
101944,0
106364,0
103918,0
108236,0
113478,0
112033,0
108712,0
120089,0
102105,0
110553,0
113035,0
107402,0
112195,0
119413,0
115601,0
107263,0
107141,0
107962,0
104084,0
109523,0
114162,0
110233,0
121442,0
113407,0
105109,0
116601,0
117005,0
111905,0
104106,0
104650,0
119255,0
109312,0
103755,0
106416,0
121226,0
114969,0
107666,0
108977,0
114288,0
105596,0
118951,0
108396,0
111564,0
104417,0
105751,0
108629,0
104706,0
103524,0
113125,0
116608,0
101233,0
105534,0
114269,0
112810,0
120080,0
100156,0
108412,0
104974,0
107501,0
111855,0
119057,0
115139,0
114753,0
119488,0
105105,0
118998,0
101112,0
116486,0
101338,0
111309,0
121082,0
108885,0
116044,0
109242,0
113088,0
117377,0
100956,0
109207,0
100805,0
110273,0
108147,0
117689,0
110068,0
106736,0
118414,0
100328,0
100303,0
115600,0
107355,0
106780,0
103258,0
120792,0
119076,0
103340,0
112821,0
117345,0
104798,0
103620,0
109610,0
112963,0
102877,0
107471,0
120055,0
106497,0
106812,0
107734,0
117331,0
112491,0
101645,0
116422,0
114321,0
108577,0
101058,0
108505,0
119327,0
110977,0
105703,0
111713,0
109230,0
105913,0
111088,0
114749,0
108302,0
118561,0
109351,0
113951,0
119481,0
105001,0
107220,0
100919,0
109948,0
102812,0
109881,0
119419,0
116346,0
104540,0
106289,0
103972,0
109932,0
104929,0
108788,0
104589,0
115261,0
121435,0
102374,0
119054,0
109454,0
106566,0
117079,0
114443,0
107780,0
103987,0
105022,0
111670,0
119445,0
119136,0
102409,0
112976,0
109052,0
107386,0
103380,0
116833,0
117203,0
109424,0
116986,0
100986,0
103642,0
115470,0
120864,0
118773,0
114160,0
110684,0
111231,0
108744,0
100148,0
102126,0
120384,0
112784,0
108241,0
118330,0
109502,0
101483,0
102753,0
115374,0
103308,0
116453,0
107899,0
114163,0
120289,0
109476,0
106044,0
117673,0
113639,0
113601,0
111669,0
116725,0
107151,0
104648,0
108014,0
104475,0
114995,0
108716,0
112988,0
112635,0
100327,0
114327,0
120637,0
109144,0
107836,0
118197,0
101917,0
105116,0
120956,0
105017,0
113112,0
116479,0
102266,0
110967,0
104349,0
107526,0
119236,0
115142,0
104599,0
118952,0
114931,0
118742,0
110373,0
120905,0
107968,0
104843,0
100741,0
116545,0
100312,0
116029,0
101034,0
102199,0
102532,0
100621,0
115442,0
113714,0
109835,0
113238,0
106195,0
100496,0
110899,0
100022,0
119784,0
121209,0
111273,0
110332,0
102028,0
114210,0
103424,0
119508,0
100512,0
105035,0
106553,0
118088,0
103843,0
108557,0
112457,0
103803,0
100203,0
112718,0
118137,0
102680,0
102388,0
106667,0
118912,0
110732,0
108043,0
101273,0
104098,0
108342,0
101557,0
118380,0
114455,0
103762,0
100136,0
106422,0
105223,0
117712,0
111786,0
101820,0
113023,0
108655,0
105826,0
114739,0
109084,0
111302,0
109216,0
112547,0
116617,0
102271,0
103545,0
101902,0
103139,0
113396,0
110885,0
109016,0
105432,0
118363,0
100254,0
102029,0
116599,0
106002,0
120392,0
118518,0
110162,0
103838,0
121029,0
115147,0
107779,0
117552,0
107301,0
116619,0
119148,0
102018,0
108299,0
116707,0
113502,0
100092,0
119400,0
115892,0
103319,0
106342,0
114487,0
110730,0
108626,0
112477,0
104873,0
101503,0
121143,0
101179,0
111165,0
103819,0
117406,0
110766,0
116992,0
113472,0
107297,0
114899,0
110741,0
105671,0
120315,0
102537,0
113587,0
110602,0
100382,0
119781,0
109971,0
101797,0
119127,0
102289,0
103404,0
117858,0
106984,0
116564,0
110940,0
104473,0
110031,0
107568,0
121527,0
106871,0
113954,0
103810,0
116443,0
108360,0
110668,0
105809,0
101663,0
106850,0
103422,0
112122,0
118259,0
118614,0
101538,0
102656,0
105685,0
115433,0
119934,0
112813,0
105405,0
113821,0
100675,0
105091,0
112734,0
107673,0
116738,0
115872,0
119415,0
119043,0
111987,0
118799,0
119573,0
117551,0
100784,0
100494,0
116047,0
113803,0
117389,0
108754,0
105424,0
101686,0
105506,0
115895,0
111747,0
104891,0
101811,0
114217,0
118097,0
106214,0
112626,0
103254,0
113030,0
114693,0
109758,0
107168,0
114556,0
109076,0
100846,0
106894,0
108497,0
113104,0
116311,0
100299,0
113682,0
108756,0
118024,0
100499,0
102601,0
101921,0
118267,0
111783,0
117565,0
100375,0
105273,0
106045,0
100901,0
104441,0
112903,0
109715,0
118690,0
114357,0
109456,0
105761,0
107468,0
107006,0
108543,0
111674,0
119199,0
121105,0
102363,0
101419,0
104930,0
112632,0
111167,0
121496,0
119680,0
107750,0
120873,0
100177,0
117110,0
105326,0
112188,0
120605,0
107970,0
120497,0
114987,0
116131,0
119872,0
119362,0
112187,0
115550,0
113882,0
104853,0
101011,0
118526,0
109252,0
106430,0
109429,0
100826,0
114832,0
119917,0
103787,0
116713,0
115637,0
112331,0
102523,0
103036,0
117517,0
115527,0
114229,0
106104,0
102200,0
109920,0
106170,0
118245,0
121066,0
113027,0
112401,0
112159,0
116771,0
101257,0
119734,0
104786,0
119717,0
115792,0
115053,0
103691,0
104541,0
107173,0
116347,0
106550,0
105195,0
108495,0
114958,0
110331,0
106906,0
109013,0
114237,0
109836,0
111071,0
118211,0
119461,0
100308,0
104779,0
104668,0
115830,0
112362,0
117785,0
107270,0
112169,0
115384,0
121602,0
106451,0
107461,0
110681,0
119377,0
114744,0
101910,0
118271,0
113241,0
111358,0
111517,0
120894,0
100008,0
116543,0
114117,0
109786,0
111418,0
117361,0
119429,0
101724,0
102251,0
100126,0
120707,0
118509,0
112776,0
101778,0
117555,0
110691,0
106969,0
117657,0
113140,0
118229,0
115073,0
113090,0
109425,0
102668,0
112429,0
115244,0
112658,0
103889,0
112223,0
100140,0
119469,0
108540,0
115391,0
108714,0
112162,0
118728,0
107202,0
104972,0
113922,0
109668,0
113757,0
120591,0
114082,0
117850,0
101676,0
104159,0
120525,0
114199,0
109289,0
110642,0
115250,0
106334,0
104021,0
109574,0
113006,0
104386,0
102281,0
109241,0
101601,0
105796,0
112634,0
111203,0
101299,0
103199,0
114767,0
117997,0
101451,0
103072,0
110981,0
120174,0
110765,0
105142,0
101129,0
102782,0
103232,0
103783,0
112962,0
107061,0
111875,0
106494,0
105213,0
116226,0
107573,0
101702,0
114290,0
119830,0
103067,0
111075,0
105940,0
102275,0
121410,0
116514,0
114305,0
112219,0
117953,0
114232,0
118648,0
105887,0
106493,0
106929,0
116909,0
107806,0
119099,0
107257,0
100132,0
113652,0
102931,0
105303,0
103298,0
117260,0
113956,0
110485,0
115505,0
119013,0
118138,0
109185,0
108689,0
111911,0
102832,0
107190,0
104422,0
117356,0
100890,0
120747,0
114030,0
105719,0
102459,0
117182,0
101583,0
107464,0
115606,0
117819,0
100471,0
111928,0
112130,0
107583,0
102090,0
117282,0
117027,0
119691,0
114792,0
112899,0
115115,0
114668,0
119239,0
116288,0
119905,0
111557,0
115443,0
104622,0
104494,0
118627,0
105472,0
118795,0
101564,0
101528,0
107334,0
100370,0
111156,0
116211,0
100908,0
102747,0
112822,0
116614,0
105673,0
100840,0
100614,0
107860,0
110511,0
119325,0
102950,0
108110,0
114887,0
113133,0
104959,0
118881,0
110695,0
103294,0
117176,0
104720,0
113186,0
106902,0
116240,0
112579,0
120397,0
117944,0
120054,0
118003,0
109789,0
101732,0
110196,0
101604,0
107687,0
118243,0
106121,0
106643,0
116263,0
106049,0
119049,0
110644,0
118669,0
115818,0
102935,0
105807,0
115819,0
113113,0
115354,0
111283,0
101768,0
103307,0
112730,0
101904,0
110568,0
111502,0
115315,0
104327,0
120084,0
102605,0
105144,0
115874,0
100407,0
102009,0
115587,0
104846,0
101761,0
107285,0
102636,0
118129,0
109581,0
101650,0
112820,0
115521,0
115838,0
119744,0
120748,0
115459,0
112099,0
106323,0
117778,0
103672,0
103203,0
108102,0
114127,0
107675,0
105327,0
115761,0
113286,0
115913,0
105032,0
116156,0
114761,0
113935,0
101787,0
115642,0
104235,0
121251,0
119058,0
118891,0
104507,0
101270,0
106293,0
107964,0
102618,0
107543,0
108286,0
116674,0
101955,0
102185,0
112670,0
106381,0
108924,0
109157,0
106837,0
108193,0
105626,0
106802,0
112079,0
104981,0
111100,0
115610,0
110070,0
113077,0
101218,0
105961,0
104398,0
111479,0
119580,0
117214,0
101470,0
112017,0
100271,0
118950,0
108081,0
101341,0
101549,0
105110,0
100090,0
102488,0
118091,0
116423,0
112189,0
100973,0
111556,0
119841,0
112690,0
104906,0
119503,0
110893,0
106958,0
101203,0
112283,0
114741,0
120843,0
119530,0
108959,0
120447,0
100107,0
104773,0
116410,0
101367,0
116556,0
115615,0
109436,0
106491,0
111749,0
110424,0
121078,0
110494,0
111322,0
113171,0
112569,0
110650,0
117084,0
120014,0
108106,0
107421,0
109804,0
100714,0
108789,0
108415,0
106369,0
109591,0
116702,0
114860,0
115886,0
113067,0
111363,0
103260,0
100178,0
110427,0
117159,0
119405,0
110890,0
115447,0
117494,0
101561,0
104612,0
101789,0
115817,0
121175,0
100637,0
106661,0
107439,0
109329,0
114701,0
103192,0
117847,0
121007,0
117686,0
103569,0
102238,0
121577,0
110235,0
120282,0
106372,0
115871,0
104009,0
101107,0
113780,0
109690,0
106069,0
120005,0
115344,0
118116,0
106907,0
108538,0
108947,0
105748,0
112812,0
109800,0
100364,0
113076,0
111525,0
118851,0
100301,0
117302,0
121133,0
120440,0
109012,0
111966,0
117456,0
114258,0
121245,0
108072,0
102895,0
115842,0
111628,0
118485,0
117554,0
105031,0
104053,0
120870,0
115387,0
115668,0
104681,0
104714,0
105951,0
104420,0
103011,0
119316,0
118694,0
112922,0
101516,0
100086,0
117463,0
111468,0
116276,0
115021,0
105763,0
112148,0
108103,0
109137,0
106980,0
100215,0
107807,0
111814,0
106029,0
116569,0
114713,0
112366,0
114578,0
118603,0
116563,0
112323,0
120997,0
119944,0
100558,0
108956,0
119234,0
109598,0
101326,0
109857,0
111563,0
112218,0
108825,0
113695,0
101428,0
117120,0
106275,0
118516,0
114215,0
108181,0
102948,0
120641,0
108434,0
114439,0
121508,0
108786,0
107759,0
100388,0
109071,0
105146,0
104921,0
113376,0
109335,0
107747,0
112621,0
114121,0
103346,0
101613,0
107393,0
117094,0
105354,0
112028,0
118843,0
108746,0
111086,0
102284,0
104685,0
112207,0
105167,0
107835,0
100833,0
111060,0
115847,0
116188,0
110860,0
100903,0
100376,0
101743,0
109601,0
105753,0
115347,0
119287,0
100996,0
112719,0
107656,0
108251,0
116461,0
101363,0
116378,0
102306,0
114077,0
107766,0
100761,0
108339,0
101625,0
111161,0
101474,0
107018,0
117684,0
109034,0
102848,0
102430,0
114468,0
114981,0
112402,0
117381,0
117707,0
113985,0
105219,0
110016,0
103780,0
109676,0
107281,0
100815,0
104415,0
118542,0
107593,0
114827,0
107551,0
118297,0
103966,0
115546,0
120540,0
100049,0
110528,0
117298,0
113289,0
106878,0
108456,0
110737,0
111622,0
105006,0
109603,0
114463,0
112559,0
100683,0
105672,0
116166,0
110832,0
118032,0
102446,0
113508,0
105029,0
107884,0
110365,0
101285,0
115381,0
115278,0
112270,0
101992,0
120062,0
118919,0
119039,0
118807,0
105746,0
105889,0
106744,0
117437,0
113905,0
113322,0
102308,0
111120,0
106228,0
120700,0
116432,0
112513,0
110114,0
116920,0
121037,0
120496,0
107059,0
108926,0
120296,0
120200,0
109940,0
116766,0
119545,0
114183,0
104502,0
118500,0
110628,0
100979,0
116774,0
114042,0
121038,0
103974,0
104244,0
100902,0
111292,0
113566,0
107542,0
101144,0
109950,0
119243,0
102149,0
117591,0
102827,0
100748,0
105910,0
106860,0
107458,0
106374,0
114567,0
113301,0
107951,0
114083,0
114241,0
102631,0
110829,0
104287,0
116969,0
116761,0
100755,0
120168,0
114222,0
117511,0
100030,0
108952,0
119857,0
110503,0
100627,0
117105,0
116987,0
100367,0
100898,0
111174,0
100340,0
102417,0
103913,0
120490,0
102522,0
100337,0
114102,0
105106,0
103581,0
101784,0
104042,0
119288,0
105147,0
100963,0
114702,0
114858,0
101028,0
120662,0
111756,0
113327,0
103769,0
102304,0
112461,0
104789,0
104160,0
111220,0
112781,0
110032,0
106117,0
118668,0
106562,0
103440,0
114924,0
108726,0
119334,0
118131,0
111216,0
110034,0
109092,0
119119,0
119783,0
103741,0
108097,0
120021,0
103113,0
113281,0
103527,0
117230,0
120335,0
107972,0
100660,0
120717,0
105607,0
112677,0
115862,0
116255,0
101288,0
118004,0
107539,0
110410,0
100455,0
103331,0
102824,0
118663,0
100827,0
116609,0
104366,0
103692,0
110096,0
101729,0
100146,0
117192,0
106021,0
104352,0
111591,0
100097,0
119032,0
114751,0
117623,0
116052,0
100553,0
114783,0
103146,0
110178,0
101228,0
104073,0
100598,0
103329,0
107082,0
115022,0
110102,0
113668,0
114653,0
119153,0
103980,0
103409,0
117112,0
121114,0
102805,0
121552,0
120202,0
116129,0
112588,0
108120,0
106848,0
100194,0
103160,0
107908,0
113806,0
107514,0
107364,0
118821,0
106831,0
119525,0
101324,0
118805,0
103178,0
105525,0
104663,0
119172,0
101576,0
101007,0
102457,0
110605,0
117751,0
111074,0
110712,0
116408,0
116418,0
110709,0
108580,0
108657,0
120413,0
108995,0
112996,0
108162,0
117888,0
120058,0
102196,0
115325,0
116882,0
101572,0
100108,0
115535,0
109665,0
116484,0
116371,0
100248,0
110369,0
106474,0
110144,0
104647,0
104944,0
100636,0
104087,0
120213,0
118223,0
113387,0
102151,0
114913,0
116872,0
108287,0
118147,0
117696,0
120157,0
109755,0
102639,0
106738,0
104207,0
107409,0
104717,0
107217,0
108513,0
113282,0
115078,0
102282,0
113007,0
111035,0
110919,0
104588,0
113857,0
108685,0
117626,0
100472,0
108913,0
117259,0
118970,0
104288,0
104193,0
101302,0
107108,0
103228,0
100184,0
102515,0
103926,0
104178,0
117213,0
108060,0
119474,0
105582,0
109478,0
120483,0
117181,0
107684,0
104034,0
104364,0
116223,0
115893,0
109889,0
101623,0
110515,0
100816,0
115950,0
115277,0
100773,0
113523,0
119411,0
115379,0
104579,0
108129,0
112831,0
119750,0
118641,0
108549,0
120247,0
117893,0
108112,0
115710,0
119338,0
118375,0
116001,0
113339,0
101839,0
120616,0
115024,0
100895,0
104829,0
103795,0
120553,0
118833,0
111826,0
104310,0
119395,0
103062,0
100904,0
117993,0
114478,0
117242,0
102301,0
117280,0
100550,0
110134,0
109465,0
121091,0
113404,0
121341,0
121270,0
104724,0
121295,0
101396,0
111429,0
119223,0
114395,0
114097,0
102649,0
101191,0
117317,0
116396,0
112420,0
109023,0
119167,0
103653,0
120679,0
108454,0
103813,0
119276,0
118814,0
113249,0
117807,0
107237,0
121582,0
120016,0
109151,0
115476,0
102273,0
111552,0
113043,0
110604,0
101923,0
101695,0
120347,0
120554,0
115804,0
101163,0
116472,0
118238,0
101217,0
102619,0
106548,0
120505,0
103965,0
105558,0
120844,0
106122,0
105863,0
107824,0
110092,0
118643,0
114309,0
112785,0
108476,0
105555,0
107889,0
117297,0
105859,0
108284,0
108374,0
116454,0
120459,0
101953,0
111608,0
112280,0
115364,0
108100,0
118695,0
119902,0
115367,0
112644,0
115296,0
117140,0
109721,0
107074,0
100692,0
109609,0
115622,0
100803,0
104934,0
112902,0
118320,0
109294,0
109694,0
101961,0
117964,0
118783,0
112074,0
115976,0
105705,0
106809,0
110666,0
107892,0
117278,0
103730,0
108084,0
120146,0
101913,0
108887,0
108172,0
104731,0
118329,0
105323,0
119027,0
119613,0
117584,0
105824,0
100707,0
118399,0
119366,0
108213,0
119095,0
113138,0
112068,0
121139,0
108085,0
121028,0
110149,0
109847,0
107416,0
108290,0
103132,0
106318,0
106040,0
115563,0
101176,0
105504,0
111368,0
108327,0
121567,0
102584,0
104514,0
110861,0
103134,0
101632,0
108487,0
101423,0
112688,0
106835,0
118748,0
121284,0
101389,0
102831,0
118274,0
110931,0
105990,0
117013,0
112231,0
112239,0
106305,0
116079,0
115051,0
118474,0
105442,0
106152,0
120776,0
108844,0
117212,0
102375,0
102401,0
118864,0
113048,0
116147,0
115047,0
121061,0
106567,0
105349,0
102828,0
115311,0
112752,0
107928,0
102905,0
115764,0
108258,0
108034,0
110996,0
107772,0
112660,0
118112,0
101487,0
109006,0
119711,0
106197,0
121598,0
105700,0
118279,0
113221,0
104017,0
100489,0
106281,0
105299,0
107876,0
119914,0
109723,0
100397,0
119936,0
100909,0
112490,0
116395,0
103080,0
107337,0
107958,0
103605,0
108346,0
100416,0
102801,0
106056,0
120349,0
101269,0
107477,0
104722,0
103257,0
108040,0
109195,0
116120,0
107653,0
101555,0
106953,0
118071,0
117631,0
111369,0
107084,0
119786,0
100597,0
109361,0
102822,0
115186,0
117252,0
104742,0
115361,0
111512,0
109743,0
100298,0
107504,0
100066,0
120393,0
102414,0
111912,0
111433,0
114934,0
102922,0
112302,0
110073,0
102108,0
121402,0
118975,0
108420,0
114919,0
108067,0
117990,0
115732,0
121183,0
120719,0
108386,0
101439,0
121518,0
104548,0
100520,0
105113,0
112594,0
116862,0
101342,0
105882,0
104123,0
111769,0
115708,0
106043,0
101004,0
119363,0
105491,0
115092,0
111631,0
114597,0
109369,0
107626,0
107215,0
106806,0
104391,0
110776,0
103095,0
114368,0
110926,0
112127,0
105758,0
116818,0
100262,0
112022,0
114400,0
118099,0
104342,0
119575,0
116809,0
101491,0
111693,0
111636,0
108319,0
117219,0
100747,0
116945,0
121187,0
109239,0
117277,0
100523,0
116696,0
106189,0
114078,0
110784,0
109095,0
106070,0
121375,0
106386,0
109994,0
104566,0
119174,0
100171,0
104119,0
118157,0
106234,0
116154,0
116643,0
116847,0
108216,0
118812,0
104800,0
116659,0
105664,0
111535,0
110008,0
119166,0
114180,0
118378,0
119988,0
115799,0
100543,0
121067,0
114488,0
